station,date,DASF,MDSF,PRCP,SNOW,SNWD,TMAX,TMIN,TOBS,elevation,mindate,maxdate,latitude,name,datacoverage,elevationUnit,longitude,dt,year,Category,SnowBin
GHCND:USW00023062,2022-01-01,,,0.08,1.0,3.0,12.0,-1.0,6.0,1610.6,1940-05-15,2026-02-28,39.76746,"DENVER CENTRAL PARK, CO US",1,METERS,-104.86948,2022-01-01,2022,"Snow < 5""",1
GHCND:USW00023062,2022-01-02,,,0.0,0.0,2.0,46.0,6.0,27.0,1610.6,1940-05-15,2026-02-28,39.76746,"DENVER CENTRAL PARK, CO US",1,METERS,-104.86948,2022-01-02,2022,No Snow,0
GHCND:USW00023062,2022-01-03,,,0.0,0.0,2.0,56.0,18.0,30.0,1610.6,1940-05-15,2026-02-28,39.76746,"DENVER CENTRAL PARK, CO US",1,METERS,-104.86948,2022-01-03,2022,No Snow,0
GHCND:USW00023062,2022-01-04,,,0.0,0.0,1.0,49.0,21.0,23.0,1610.6,1940-05-15,2026-02-28,39.76746,"DENVER CENTRAL PARK, CO US",1,METERS,-104.86948,2022-01-04,2022,No Snow,0
GHCND:USW00023062,2022-01-05,,,0.11,,,34.0,2.0,3.0,1610.6,1940-05-15,2026-02-28,39.76746,"DENVER CENTRAL PARK, CO US",1,METERS,-104.86948,2022-01-05,2022,,
GHCND:USW00023062,2022-01-06,2.0,3.5,0.08,,4.0,18.0,1.0,17.0,1610.6,1940-05-15,2026-02-28,39.76746,"DENVER CENTRAL PARK, CO US",1,METERS,-104.86948,2022-01-06,2022,,
GHCND:USW00023062,2022-01-07,,,0.0,0.0,3.0,62.0,17.0,29.0,1610.6,1940-05-15,2026-02-28,39.76746,"DENVER CENTRAL PARK, CO US",1,METERS,-104.86948,2022-01-07,2022,No Snow,0
GHCND:USW00023062,2022-01-08,,,0.0,0.0,2.0,43.0,25.0,29.0,1610.6,1940-05-15,2026-02-28,39.76746,"DENVER CENTRAL PARK, CO US",1,METERS,-104.86948,2022-01-08,2022,No Snow,0
GHCND:USW00023062,2022-01-09,,,0.0,0.0,1.0,36.0,18.0,23.0,1610.6,1940-05-15,2026-02-28,39.76746,"DENVER CENTRAL PARK, CO US",1,METERS,-104.86948,2022-01-09,2022,No Snow,0
GHCND:USW00023062,2022-01-10,,,0.0,0.0,0.0,58.0,23.0,33.0,1610.6,1940-05-15,2026-02-28,39.76746,"DENVER CENTRAL PARK, CO US",1,METERS,-104.86948,2022-01-10,2022,No Snow,0
GHCND:USW00023062,2022-01-11,,,0.0,0.0,0.0,58.0,30.0,32.0,1610.6,1940-05-15,2026-02-28,39.76746,"DENVER CENTRAL PARK, CO US",1,METERS,-104.86948,2022-01-11,2022,No Snow,0
GHCND:USW00023062,2022-01-12,,,0.0,0.0,0.0,57.0,27.0,34.0,1610.6,1940-05-15,2026-02-28,39.76746,"DENVER CENTRAL PARK, CO US",1,METERS,-104.86948,2022-01-12,2022,No Snow,0
GHCND:USW00023062,2022-01-13,,,0.0,0.0,0.0,64.0,32.0,35.0,1610.6,1940-05-15,2026-02-28,39.76746,"DENVER CENTRAL PARK, CO US",1,METERS,-104.86948,2022-01-13,2022,No Snow,0
GHCND:USW00023062,2022-01-14,,,0.0,0.0,0.0,41.0,26.0,26.0,1610.6,1940-05-15,2026-02-28,39.76746,"DENVER CENTRAL PARK, CO US",1,METERS,-104.86948,2022-01-14,2022,No Snow,0
GHCND:USW00023062,2022-01-15,,,0.0,0.0,0.0,51.0,17.0,38.0,1610.6,1940-05-15,2026-02-28,39.76746,"DENVER CENTRAL PARK, CO US",1,METERS,-104.86948,2022-01-15,2022,No Snow,0
GHCND:USW00023062,2022-01-16,,,0.0,0.0,0.0,58.0,25.0,26.0,1610.6,1940-05-15,2026-02-28,39.76746,"DENVER CENTRAL PARK, CO US",1,METERS,-104.86948,2022-01-16,2022,No Snow,0
GHCND:USW00023062,2022-01-17,,,0.0,0.0,0.0,61.0,23.0,31.0,1610.6,1940-05-15,2026-02-28,39.76746,"DENVER CENTRAL PARK, CO US",1,METERS,-104.86948,2022-01-17,2022,No Snow,0
GHCND:USW00023062,2022-01-18,,,0.0,0.0,0.0,56.0,27.0,28.0,1610.6,1940-05-15,2026-02-28,39.76746,"DENVER CENTRAL PARK, CO US",1,METERS,-104.86948,2022-01-18,2022,No Snow,0
GHCND:USW00023062,2022-01-19,,,0.0,0.0,0.0,32.0,18.0,20.0,1610.6,1940-05-15,2026-02-28,39.76746,"DENVER CENTRAL PARK, CO US",1,METERS,-104.86948,2022-01-19,2022,No Snow,0
GHCND:USW00023062,2022-01-20,,,0.0,,0.0,39.0,17.0,21.0,1610.6,1940-05-15,2026-02-28,39.76746,"DENVER CENTRAL PARK, CO US",1,METERS,-104.86948,2022-01-20,2022,,
GHCND:USW00023062,2022-01-21,2.0,0.31,0.06,,0.0,33.0,21.0,29.0,1610.6,1940-05-15,2026-02-28,39.76746,"DENVER CENTRAL PARK, CO US",1,METERS,-104.86948,2022-01-21,2022,,
GHCND:USW00023062,2022-01-22,,,0.0,0.0,0.0,43.0,22.0,27.0,1610.6,1940-05-15,2026-02-28,39.76746,"DENVER CENTRAL PARK, CO US",1,METERS,-104.86948,2022-01-22,2022,No Snow,0
GHCND:USW00023062,2022-01-23,,,0.0,0.0,0.0,54.0,23.0,31.0,1610.6,1940-05-15,2026-02-28,39.76746,"DENVER CENTRAL PARK, CO US",1,METERS,-104.86948,2022-01-23,2022,No Snow,0
GHCND:USW00023062,2022-01-24,,,0.0,0.0,0.0,44.0,23.0,30.0,1610.6,1940-05-15,2026-02-28,39.76746,"DENVER CENTRAL PARK, CO US",1,METERS,-104.86948,2022-01-24,2022,No Snow,0
GHCND:USW00023062,2022-01-25,,,0.15,4.6,4.0,31.0,13.0,17.0,1610.6,1940-05-15,2026-02-28,39.76746,"DENVER CENTRAL PARK, CO US",1,METERS,-104.86948,2022-01-25,2022,"Snow < 5""",5
GHCND:USW00023062,2022-01-26,,,0.0,0.0,3.0,35.0,4.0,30.0,1610.6,1940-05-15,2026-02-28,39.76746,"DENVER CENTRAL PARK, CO US",1,METERS,-104.86948,2022-01-26,2022,No Snow,0
GHCND:USW00023062,2022-01-27,,,0.12,2.2,5.0,32.0,12.0,13.0,1610.6,1940-05-15,2026-02-28,39.76746,"DENVER CENTRAL PARK, CO US",1,METERS,-104.86948,2022-01-27,2022,"Snow < 5""",3
GHCND:USW00023062,2022-01-28,,,0.0,0.0,3.0,49.0,8.0,29.0,1610.6,1940-05-15,2026-02-28,39.76746,"DENVER CENTRAL PARK, CO US",1,METERS,-104.86948,2022-01-28,2022,No Snow,0
GHCND:USW00023062,2022-01-29,,,0.0,0.0,2.0,57.0,23.0,25.0,1610.6,1940-05-15,2026-02-28,39.76746,"DENVER CENTRAL PARK, CO US",1,METERS,-104.86948,2022-01-29,2022,No Snow,0
GHCND:USW00023062,2022-01-30,,,0.0,0.0,2.0,59.0,16.0,25.0,1610.6,1940-05-15,2026-02-28,39.76746,"DENVER CENTRAL PARK, CO US",1,METERS,-104.86948,2022-01-30,2022,No Snow,0
GHCND:USW00023062,2022-01-31,,,0.0,0.0,0.0,61.0,23.0,33.0,1610.6,1940-05-15,2026-02-28,39.76746,"DENVER CENTRAL PARK, CO US",1,METERS,-104.86948,2022-01-31,2022,No Snow,0
GHCND:USW00023062,2022-02-01,,,0.14,2.9,3.0,33.0,17.0,17.0,1610.6,1940-05-15,2026-02-28,39.76746,"DENVER CENTRAL PARK, CO US",1,METERS,-104.86948,2022-02-01,2022,"Snow < 5""",3
GHCND:USW00023062,2022-02-02,,,0.35,7.1,9.0,17.0,-2.0,-1.0,1610.6,1940-05-15,2026-02-28,39.76746,"DENVER CENTRAL PARK, CO US",1,METERS,-104.86948,2022-02-02,2022,"Snow > 5""",8
GHCND:USW00023062,2022-02-03,,,0.0,0.0,5.0,19.0,-11.0,6.0,1610.6,1940-05-15,2026-02-28,39.76746,"DENVER CENTRAL PARK, CO US",1,METERS,-104.86948,2022-02-03,2022,No Snow,0
GHCND:USW00023062,2022-02-04,,,0.0,0.0,3.0,44.0,4.0,24.0,1610.6,1940-05-15,2026-02-28,39.76746,"DENVER CENTRAL PARK, CO US",1,METERS,-104.86948,2022-02-04,2022,No Snow,0
GHCND:USW00023062,2022-02-05,,,0.0,0.0,1.0,49.0,23.0,33.0,1610.6,1940-05-15,2026-02-28,39.76746,"DENVER CENTRAL PARK, CO US",1,METERS,-104.86948,2022-02-05,2022,No Snow,0
GHCND:USW00023062,2022-02-06,,,0.0,0.0,1.0,39.0,25.0,26.0,1610.6,1940-05-15,2026-02-28,39.76746,"DENVER CENTRAL PARK, CO US",1,METERS,-104.86948,2022-02-06,2022,No Snow,0
GHCND:USW00023062,2022-02-07,,,0.0,0.0,0.0,55.0,23.0,34.0,1610.6,1940-05-15,2026-02-28,39.76746,"DENVER CENTRAL PARK, CO US",1,METERS,-104.86948,2022-02-07,2022,No Snow,0
GHCND:USW00023062,2022-02-08,,,0.0,0.0,0.0,49.0,30.0,33.0,1610.6,1940-05-15,2026-02-28,39.76746,"DENVER CENTRAL PARK, CO US",1,METERS,-104.86948,2022-02-08,2022,No Snow,0
GHCND:USW00023062,2022-02-09,,,0.0,0.0,0.0,57.0,27.0,,1610.6,1940-05-15,2026-02-28,39.76746,"DENVER CENTRAL PARK, CO US",1,METERS,-104.86948,2022-02-09,2022,No Snow,0
GHCND:USW00023062,2022-02-10,,,0.0,0.0,0.0,63.0,31.0,,1610.6,1940-05-15,2026-02-28,39.76746,"DENVER CENTRAL PARK, CO US",1,METERS,-104.86948,2022-02-10,2022,No Snow,0
GHCND:USW00023062,2022-02-11,,,0.32,3.8,4.0,53.0,23.0,23.0,1610.6,1940-05-15,2026-02-28,39.76746,"DENVER CENTRAL PARK, CO US",1,METERS,-104.86948,2022-02-11,2022,"Snow < 5""",4
GHCND:USW00023062,2022-02-12,,,0.0,0.0,2.0,45.0,11.0,24.0,1610.6,1940-05-15,2026-02-28,39.76746,"DENVER CENTRAL PARK, CO US",1,METERS,-104.86948,2022-02-12,2022,No Snow,0
GHCND:USW00023062,2022-02-13,,,0.0,0.0,0.0,56.0,23.0,33.0,1610.6,1940-05-15,2026-02-28,39.76746,"DENVER CENTRAL PARK, CO US",1,METERS,-104.86948,2022-02-13,2022,No Snow,0
GHCND:USW00023062,2022-02-14,,,0.0,0.0,0.0,55.0,25.0,36.0,1610.6,1940-05-15,2026-02-28,39.76746,"DENVER CENTRAL PARK, CO US",1,METERS,-104.86948,2022-02-14,2022,No Snow,0
GHCND:USW00023062,2022-02-15,,,0.0,0.0,0.0,56.0,29.0,38.0,1610.6,1940-05-15,2026-02-28,39.76746,"DENVER CENTRAL PARK, CO US",1,METERS,-104.86948,2022-02-15,2022,No Snow,0
GHCND:USW00023062,2022-02-16,,,0.22,3.0,3.0,38.0,17.0,17.0,1610.6,1940-05-15,2026-02-28,39.76746,"DENVER CENTRAL PARK, CO US",1,METERS,-104.86948,2022-02-16,2022,"Snow < 5""",3
GHCND:USW00023062,2022-02-17,,,0.01,0.5,2.0,35.0,10.0,24.0,1610.6,1940-05-15,2026-02-28,39.76746,"DENVER CENTRAL PARK, CO US",1,METERS,-104.86948,2022-02-17,2022,"Snow < 5""",1
GHCND:USW00023062,2022-02-18,,,0.0,0.0,0.0,48.0,20.0,28.0,1610.6,1940-05-15,2026-02-28,39.76746,"DENVER CENTRAL PARK, CO US",1,METERS,-104.86948,2022-02-18,2022,No Snow,0
GHCND:USW00023062,2022-02-19,,,0.0,0.0,0.0,60.0,28.0,40.0,1610.6,1940-05-15,2026-02-28,39.76746,"DENVER CENTRAL PARK, CO US",1,METERS,-104.86948,2022-02-19,2022,No Snow,0
GHCND:USW00023062,2022-02-20,,,0.0,0.0,0.0,65.0,29.0,42.0,1610.6,1940-05-15,2026-02-28,39.76746,"DENVER CENTRAL PARK, CO US",1,METERS,-104.86948,2022-02-20,2022,No Snow,0
GHCND:USW00023062,2022-02-21,,,0.0,0.0,0.0,54.0,4.0,4.0,1610.6,1940-05-15,2026-02-28,39.76746,"DENVER CENTRAL PARK, CO US",1,METERS,-104.86948,2022-02-21,2022,No Snow,0
GHCND:USW00023062,2022-02-22,,,0.07,1.3,1.0,8.0,-2.0,2.0,1610.6,1940-05-15,2026-02-28,39.76746,"DENVER CENTRAL PARK, CO US",1,METERS,-104.86948,2022-02-22,2022,"Snow < 5""",2
GHCND:USW00023062,2022-02-23,,,0.05,1.3,3.0,10.0,-2.0,6.0,1610.6,1940-05-15,2026-02-28,39.76746,"DENVER CENTRAL PARK, CO US",1,METERS,-104.86948,2022-02-23,2022,"Snow < 5""",2
GHCND:USW00023062,2022-02-24,,,0.08,1.1,3.0,24.0,3.0,7.0,1610.6,1940-05-15,2026-02-28,39.76746,"DENVER CENTRAL PARK, CO US",1,METERS,-104.86948,2022-02-24,2022,"Snow < 5""",2
GHCND:USW00023062,2022-02-25,,,0.0,0.0,2.0,25.0,3.0,13.0,1610.6,1940-05-15,2026-02-28,39.76746,"DENVER CENTRAL PARK, CO US",1,METERS,-104.86948,2022-02-25,2022,No Snow,0
GHCND:USW00023062,2022-02-26,,,0.0,0.0,1.0,42.0,10.0,20.0,1610.6,1940-05-15,2026-02-28,39.76746,"DENVER CENTRAL PARK, CO US",1,METERS,-104.86948,2022-02-26,2022,No Snow,0
GHCND:USW00023062,2022-02-27,,,0.0,0.0,1.0,61.0,16.0,34.0,1610.6,1940-05-15,2026-02-28,39.76746,"DENVER CENTRAL PARK, CO US",1,METERS,-104.86948,2022-02-27,2022,No Snow,0
GHCND:USW00023062,2022-02-28,,,0.0,0.0,0.0,66.0,32.0,42.0,1610.6,1940-05-15,2026-02-28,39.76746,"DENVER CENTRAL PARK, CO US",1,METERS,-104.86948,2022-02-28,2022,No Snow,0
GHCND:USW00023062,2022-03-01,,,0.0,0.0,0.0,70.0,42.0,44.0,1610.6,1940-05-15,2026-02-28,39.76746,"DENVER CENTRAL PARK, CO US",1,METERS,-104.86948,2022-03-01,2022,No Snow,0
GHCND:USW00023062,2022-03-02,,,0.0,0.0,0.0,70.0,39.0,41.0,1610.6,1940-05-15,2026-02-28,39.76746,"DENVER CENTRAL PARK, CO US",1,METERS,-104.86948,2022-03-02,2022,No Snow,0
GHCND:USW00023062,2022-03-03,,,0.0,0.0,0.0,71.0,36.0,46.0,1610.6,1940-05-15,2026-02-28,39.76746,"DENVER CENTRAL PARK, CO US",1,METERS,-104.86948,2022-03-03,2022,No Snow,0
GHCND:USW00023062,2022-03-04,,,0.0,0.0,0.0,73.0,33.0,45.0,1610.6,1940-05-15,2026-02-28,39.76746,"DENVER CENTRAL PARK, CO US",1,METERS,-104.86948,2022-03-04,2022,No Snow,0
GHCND:USW00023062,2022-03-05,,,0.0,0.0,0.0,67.0,33.0,33.0,1610.6,1940-05-15,2026-02-28,39.76746,"DENVER CENTRAL PARK, CO US",1,METERS,-104.86948,2022-03-05,2022,No Snow,0
GHCND:USW00023062,2022-03-06,,,0.11,2.0,2.0,33.0,19.0,20.0,1610.6,1940-05-15,2026-02-28,39.76746,"DENVER CENTRAL PARK, CO US",1,METERS,-104.86948,2022-03-06,2022,"Snow < 5""",2
GHCND:USW00023062,2022-03-07,,,0.08,1.0,3.0,22.0,9.0,15.0,1610.6,1940-05-15,2026-02-28,39.76746,"DENVER CENTRAL PARK, CO US",1,METERS,-104.86948,2022-03-07,2022,"Snow < 5""",1
GHCND:USW00023062,2022-03-08,,,0.0,0.0,0.0,30.0,15.0,24.0,1610.6,1940-05-15,2026-02-28,39.76746,"DENVER CENTRAL PARK, CO US",1,METERS,-104.86948,2022-03-08,2022,No Snow,0
GHCND:USW00023062,2022-03-09,,,0.01,0.0,0.0,39.0,16.0,16.0,1610.6,1940-05-15,2026-02-28,39.76746,"DENVER CENTRAL PARK, CO US",1,METERS,-104.86948,2022-03-09,2022,No Snow,0
GHCND:USW00023062,2022-03-10,,,0.07,1.5,2.0,17.0,-1.0,5.0,1610.6,1940-05-15,2026-02-28,39.76746,"DENVER CENTRAL PARK, CO US",1,METERS,-104.86948,2022-03-10,2022,"Snow < 5""",2
GHCND:USW00023062,2022-03-11,,,0.0,0.0,1.0,22.0,5.0,5.0,1610.6,1940-05-15,2026-02-28,39.76746,"DENVER CENTRAL PARK, CO US",1,METERS,-104.86948,2022-03-11,2022,No Snow,0
GHCND:USW00023062,2022-03-12,,,0.0,0.0,0.0,36.0,5.0,27.0,1610.6,1940-05-15,2026-02-28,39.76746,"DENVER CENTRAL PARK, CO US",1,METERS,-104.86948,2022-03-12,2022,No Snow,0
GHCND:USW00023062,2022-03-13,,,0.0,0.0,0.0,58.0,27.0,31.0,1610.6,1940-05-15,2026-02-28,39.76746,"DENVER CENTRAL PARK, CO US",1,METERS,-104.86948,2022-03-13,2022,No Snow,0
GHCND:USW00023062,2022-03-14,,,0.0,0.0,0.0,62.0,30.0,34.0,1610.6,1940-05-15,2026-02-28,39.76746,"DENVER CENTRAL PARK, CO US",1,METERS,-104.86948,2022-03-14,2022,No Snow,0
GHCND:USW00023062,2022-03-15,,,0.0,0.0,0.0,54.0,28.0,28.0,1610.6,1940-05-15,2026-02-28,39.76746,"DENVER CENTRAL PARK, CO US",1,METERS,-104.86948,2022-03-15,2022,No Snow,0
GHCND:USW00023062,2022-03-16,,,0.0,0.0,0.0,68.0,28.0,40.0,1610.6,1940-05-15,2026-02-28,39.76746,"DENVER CENTRAL PARK, CO US",1,METERS,-104.86948,2022-03-16,2022,No Snow,0
GHCND:USW00023062,2022-03-17,,,0.55,3.0,3.0,54.0,31.0,31.0,1610.6,1940-05-15,2026-02-28,39.76746,"DENVER CENTRAL PARK, CO US",1,METERS,-104.86948,2022-03-17,2022,"Snow < 5""",3
GHCND:USW00023062,2022-03-18,,,0.21,0.5,3.0,35.0,23.0,23.0,1610.6,1940-05-15,2026-02-28,39.76746,"DENVER CENTRAL PARK, CO US",1,METERS,-104.86948,2022-03-18,2022,"Snow < 5""",1
GHCND:USW00023062,2022-03-19,,,0.0,0.0,1.0,51.0,23.0,30.0,1610.6,1940-05-15,2026-02-28,39.76746,"DENVER CENTRAL PARK, CO US",1,METERS,-104.86948,2022-03-19,2022,No Snow,0
GHCND:USW00023062,2022-03-20,,,0.0,0.0,0.0,59.0,28.0,38.0,1610.6,1940-05-15,2026-02-28,39.76746,"DENVER CENTRAL PARK, CO US",1,METERS,-104.86948,2022-03-20,2022,No Snow,0
GHCND:USW00023062,2022-03-21,,,0.0,0.0,0.0,66.0,33.0,33.0,1610.6,1940-05-15,2026-02-28,39.76746,"DENVER CENTRAL PARK, CO US",1,METERS,-104.86948,2022-03-21,2022,No Snow,0
GHCND:USW00023062,2022-03-22,,,0.02,0.3,0.0,40.0,28.0,28.0,1610.6,1940-05-15,2026-02-28,39.76746,"DENVER CENTRAL PARK, CO US",1,METERS,-104.86948,2022-03-22,2022,"Snow < 5""",1
GHCND:USW00023062,2022-03-23,,,0.0,0.0,0.0,43.0,24.0,25.0,1610.6,1940-05-15,2026-02-28,39.76746,"DENVER CENTRAL PARK, CO US",1,METERS,-104.86948,2022-03-23,2022,No Snow,0
GHCND:USW00023062,2022-03-24,,,0.0,0.0,0.0,54.0,24.0,30.0,1610.6,1940-05-15,2026-02-28,39.76746,"DENVER CENTRAL PARK, CO US",1,METERS,-104.86948,2022-03-24,2022,No Snow,0
GHCND:USW00023062,2022-03-25,,,0.0,0.0,0.0,67.0,29.0,37.0,1610.6,1940-05-15,2026-02-28,39.76746,"DENVER CENTRAL PARK, CO US",1,METERS,-104.86948,2022-03-25,2022,No Snow,0
GHCND:USW00023062,2022-03-26,,,0.0,0.0,0.0,63.0,34.0,38.0,1610.6,1940-05-15,2026-02-28,39.76746,"DENVER CENTRAL PARK, CO US",1,METERS,-104.86948,2022-03-26,2022,No Snow,0
GHCND:USW00023062,2022-03-27,,,0.0,0.0,0.0,76.0,36.0,36.0,1610.6,1940-05-15,2026-02-28,39.76746,"DENVER CENTRAL PARK, CO US",1,METERS,-104.86948,2022-03-27,2022,No Snow,0
GHCND:USW00023062,2022-03-28,,,0.0,0.0,0.0,74.0,35.0,46.0,1610.6,1940-05-15,2026-02-28,39.76746,"DENVER CENTRAL PARK, CO US",1,METERS,-104.86948,2022-03-28,2022,No Snow,0
GHCND:USW00023062,2022-03-29,,,0.0,0.0,0.0,77.0,42.0,47.0,1610.6,1940-05-15,2026-02-28,39.76746,"DENVER CENTRAL PARK, CO US",1,METERS,-104.86948,2022-03-29,2022,No Snow,0
GHCND:USW00023062,2022-03-30,,,0.11,0.0,0.0,51.0,27.0,27.0,1610.6,1940-05-15,2026-02-28,39.76746,"DENVER CENTRAL PARK, CO US",1,METERS,-104.86948,2022-03-30,2022,No Snow,0
GHCND:USW00023062,2022-03-31,,,0.0,0.0,0.0,48.0,26.0,28.0,1610.6,1940-05-15,2026-02-28,39.76746,"DENVER CENTRAL PARK, CO US",1,METERS,-104.86948,2022-03-31,2022,No Snow,0
GHCND:USW00023062,2022-04-01,,,0.0,0.0,0.0,64.0,28.0,42.0,1610.6,1940-05-15,2026-02-28,39.76746,"DENVER CENTRAL PARK, CO US",1,METERS,-104.86948,2022-04-01,2022,No Snow,0
GHCND:USW00023062,2022-04-02,,,0.0,0.0,0.0,56.0,32.0,32.0,1610.6,1940-05-15,2026-02-28,39.76746,"DENVER CENTRAL PARK, CO US",1,METERS,-104.86948,2022-04-02,2022,No Snow,0
GHCND:USW00023062,2022-04-03,,,0.0,0.0,0.0,67.0,29.0,46.0,1610.6,1940-05-15,2026-02-28,39.76746,"DENVER CENTRAL PARK, CO US",1,METERS,-104.86948,2022-04-03,2022,No Snow,0
GHCND:USW00023062,2022-04-04,,,0.0,0.0,0.0,52.0,36.0,37.0,1610.6,1940-05-15,2026-02-28,39.76746,"DENVER CENTRAL PARK, CO US",1,METERS,-104.86948,2022-04-04,2022,No Snow,0
GHCND:USW00023062,2022-04-05,,,0.0,0.0,0.0,67.0,36.0,60.0,1610.6,1940-05-15,2026-02-28,39.76746,"DENVER CENTRAL PARK, CO US",1,METERS,-104.86948,2022-04-05,2022,No Snow,0
GHCND:USW00023062,2022-04-06,,,0.0,0.0,0.0,61.0,31.0,32.0,1610.6,1940-05-15,2026-02-28,39.76746,"DENVER CENTRAL PARK, CO US",1,METERS,-104.86948,2022-04-06,2022,No Snow,0
GHCND:USW00023062,2022-04-07,,,0.0,0.0,0.0,48.0,25.0,26.0,1610.6,1940-05-15,2026-02-28,39.76746,"DENVER CENTRAL PARK, CO US",1,METERS,-104.86948,2022-04-07,2022,No Snow,0
GHCND:USW00023062,2022-04-08,,,0.0,0.0,0.0,54.0,26.0,27.0,1610.6,1940-05-15,2026-02-28,39.76746,"DENVER CENTRAL PARK, CO US",1,METERS,-104.86948,2022-04-08,2022,No Snow,0
GHCND:USW00023062,2022-04-09,,,0.0,0.0,0.0,66.0,26.0,50.0,1610.6,1940-05-15,2026-02-28,39.76746,"DENVER CENTRAL PARK, CO US",1,METERS,-104.86948,2022-04-09,2022,No Snow,0
GHCND:USW00023062,2022-04-10,,,0.08,0.0,0.0,77.0,35.0,36.0,1610.6,1940-05-15,2026-02-28,39.76746,"DENVER CENTRAL PARK, CO US",1,METERS,-104.86948,2022-04-10,2022,No Snow,0
GHCND:USW00023062,2022-04-11,,,0.0,0.0,0.0,57.0,29.0,29.0,1610.6,1940-05-15,2026-02-28,39.76746,"DENVER CENTRAL PARK, CO US",1,METERS,-104.86948,2022-04-11,2022,No Snow,0
GHCND:USW00023062,2022-04-12,,,0.0,0.0,0.0,65.0,29.0,55.0,1610.6,1940-05-15,2026-02-28,39.76746,"DENVER CENTRAL PARK, CO US",1,METERS,-104.86948,2022-04-12,2022,No Snow,0
GHCND:USW00023062,2022-04-13,,,0.0,0.0,0.0,56.0,15.0,15.0,1610.6,1940-05-15,2026-02-28,39.76746,"DENVER CENTRAL PARK, CO US",1,METERS,-104.86948,2022-04-13,2022,No Snow,0
GHCND:USW00023062,2022-04-14,,,0.0,0.0,0.0,43.0,14.0,25.0,1610.6,1940-05-15,2026-02-28,39.76746,"DENVER CENTRAL PARK, CO US",1,METERS,-104.86948,2022-04-14,2022,No Snow,0
GHCND:USW00023062,2022-04-15,,,0.0,0.0,0.0,58.0,24.0,47.0,1610.6,1940-05-15,2026-02-28,39.76746,"DENVER CENTRAL PARK, CO US",1,METERS,-104.86948,2022-04-15,2022,No Snow,0
GHCND:USW00023062,2022-04-16,,,0.0,0.0,0.0,62.0,28.0,30.0,1610.6,1940-05-15,2026-02-28,39.76746,"DENVER CENTRAL PARK, CO US",1,METERS,-104.86948,2022-04-16,2022,No Snow,0
GHCND:USW00023062,2022-04-17,,,0.0,0.0,0.0,56.0,30.0,32.0,1610.6,1940-05-15,2026-02-28,39.76746,"DENVER CENTRAL PARK, CO US",1,METERS,-104.86948,2022-04-17,2022,No Snow,0
GHCND:USW00023062,2022-04-18,,,0.0,0.0,0.0,70.0,30.0,30.0,1610.6,1940-05-15,2026-02-28,39.76746,"DENVER CENTRAL PARK, CO US",1,METERS,-104.86948,2022-04-18,2022,No Snow,0
GHCND:USW00023062,2022-04-19,,,0.0,0.0,0.0,63.0,30.0,36.0,1610.6,1940-05-15,2026-02-28,39.76746,"DENVER CENTRAL PARK, CO US",1,METERS,-104.86948,2022-04-19,2022,No Snow,0
GHCND:USW00023062,2022-04-20,,,0.0,0.0,0.0,80.0,35.0,46.0,1610.6,1940-05-15,2026-02-28,39.76746,"DENVER CENTRAL PARK, CO US",1,METERS,-104.86948,2022-04-20,2022,No Snow,0
GHCND:USW00023062,2022-04-21,,,0.0,0.0,0.0,71.0,42.0,43.0,1610.6,1940-05-15,2026-02-28,39.76746,"DENVER CENTRAL PARK, CO US",1,METERS,-104.86948,2022-04-21,2022,No Snow,0
GHCND:USW00023062,2022-04-22,,,0.0,0.0,0.0,80.0,42.0,63.0,1610.6,1940-05-15,2026-02-28,39.76746,"DENVER CENTRAL PARK, CO US",1,METERS,-104.86948,2022-04-22,2022,No Snow,0
GHCND:USW00023062,2022-04-23,,,0.0,0.0,0.0,87.0,49.0,49.0,1610.6,1940-05-15,2026-02-28,39.76746,"DENVER CENTRAL PARK, CO US",1,METERS,-104.86948,2022-04-23,2022,No Snow,0
GHCND:USW00023062,2022-04-24,,,0.0,0.0,0.0,60.0,35.0,36.0,1610.6,1940-05-15,2026-02-28,39.76746,"DENVER CENTRAL PARK, CO US",1,METERS,-104.86948,2022-04-24,2022,No Snow,0
GHCND:USW00023062,2022-04-25,,,0.0,0.0,0.0,53.0,35.0,36.0,1610.6,1940-05-15,2026-02-28,39.76746,"DENVER CENTRAL PARK, CO US",1,METERS,-104.86948,2022-04-25,2022,No Snow,0
GHCND:USW00023062,2022-04-26,,,0.0,0.0,0.0,56.0,35.0,38.0,1610.6,1940-05-15,2026-02-28,39.76746,"DENVER CENTRAL PARK, CO US",1,METERS,-104.86948,2022-04-26,2022,No Snow,0
GHCND:USW00023062,2022-04-27,,,0.0,0.0,0.0,75.0,38.0,44.0,1610.6,1940-05-15,2026-02-28,39.76746,"DENVER CENTRAL PARK, CO US",1,METERS,-104.86948,2022-04-27,2022,No Snow,0
GHCND:USW00023062,2022-04-28,,,0.0,0.0,0.0,72.0,41.0,41.0,1610.6,1940-05-15,2026-02-28,39.76746,"DENVER CENTRAL PARK, CO US",1,METERS,-104.86948,2022-04-28,2022,No Snow,0
GHCND:USW00023062,2022-04-29,,,0.0,0.0,0.0,77.0,41.0,46.0,1610.6,1940-05-15,2026-02-28,39.76746,"DENVER CENTRAL PARK, CO US",1,METERS,-104.86948,2022-04-29,2022,No Snow,0
GHCND:USW00023062,2022-04-30,,,0.0,0.0,0.0,67.0,38.0,39.0,1610.6,1940-05-15,2026-02-28,39.76746,"DENVER CENTRAL PARK, CO US",1,METERS,-104.86948,2022-04-30,2022,No Snow,0
GHCND:USW00023062,2022-05-01,,,0.0,0.0,0.0,64.0,37.0,40.0,1610.6,1940-05-15,2026-02-28,39.76746,"DENVER CENTRAL PARK, CO US",1,METERS,-104.86948,2022-05-01,2022,No Snow,0
GHCND:USW00023062,2022-05-02,,,0.53,0.0,0.0,68.0,39.0,39.0,1610.6,1940-05-15,2026-02-28,39.76746,"DENVER CENTRAL PARK, CO US",1,METERS,-104.86948,2022-05-02,2022,No Snow,0
GHCND:USW00023062,2022-05-03,,,0.09,0.0,0.0,45.0,33.0,33.0,1610.6,1940-05-15,2026-02-28,39.76746,"DENVER CENTRAL PARK, CO US",1,METERS,-104.86948,2022-05-03,2022,No Snow,0
GHCND:USW00023062,2022-05-04,,,0.16,0.0,0.0,56.0,33.0,42.0,1610.6,1940-05-15,2026-02-28,39.76746,"DENVER CENTRAL PARK, CO US",1,METERS,-104.86948,2022-05-04,2022,No Snow,0
GHCND:USW00023062,2022-05-05,,,0.16,0.0,0.0,49.0,38.0,40.0,1610.6,1940-05-15,2026-02-28,39.76746,"DENVER CENTRAL PARK, CO US",1,METERS,-104.86948,2022-05-05,2022,No Snow,0
GHCND:USW00023062,2022-05-06,,,0.0,0.0,0.0,69.0,40.0,50.0,1610.6,1940-05-15,2026-02-28,39.76746,"DENVER CENTRAL PARK, CO US",1,METERS,-104.86948,2022-05-06,2022,No Snow,0
GHCND:USW00023062,2022-05-07,,,0.0,0.0,0.0,83.0,48.0,49.0,1610.6,1940-05-15,2026-02-28,39.76746,"DENVER CENTRAL PARK, CO US",1,METERS,-104.86948,2022-05-07,2022,No Snow,0
GHCND:USW00023062,2022-05-08,,,0.0,0.0,0.0,89.0,48.0,49.0,1610.6,1940-05-15,2026-02-28,39.76746,"DENVER CENTRAL PARK, CO US",1,METERS,-104.86948,2022-05-08,2022,No Snow,0
GHCND:USW00023062,2022-05-09,,,0.0,0.0,0.0,75.0,44.0,44.0,1610.6,1940-05-15,2026-02-28,39.76746,"DENVER CENTRAL PARK, CO US",1,METERS,-104.86948,2022-05-09,2022,No Snow,0
GHCND:USW00023062,2022-05-10,,,0.0,0.0,0.0,72.0,42.0,42.0,1610.6,1940-05-15,2026-02-28,39.76746,"DENVER CENTRAL PARK, CO US",1,METERS,-104.86948,2022-05-10,2022,No Snow,0
GHCND:USW00023062,2022-05-11,,,0.0,0.0,0.0,72.0,42.0,46.0,1610.6,1940-05-15,2026-02-28,39.76746,"DENVER CENTRAL PARK, CO US",1,METERS,-104.86948,2022-05-11,2022,No Snow,0
GHCND:USW00023062,2022-05-12,,,0.0,0.0,0.0,90.0,46.0,49.0,1610.6,1940-05-15,2026-02-28,39.76746,"DENVER CENTRAL PARK, CO US",1,METERS,-104.86948,2022-05-12,2022,No Snow,0
GHCND:USW00023062,2022-05-13,,,0.0,0.0,0.0,72.0,41.0,41.0,1610.6,1940-05-15,2026-02-28,39.76746,"DENVER CENTRAL PARK, CO US",1,METERS,-104.86948,2022-05-13,2022,No Snow,0
GHCND:USW00023062,2022-05-14,,,0.0,0.0,0.0,74.0,41.0,50.0,1610.6,1940-05-15,2026-02-28,39.76746,"DENVER CENTRAL PARK, CO US",1,METERS,-104.86948,2022-05-14,2022,No Snow,0
GHCND:USW00023062,2022-05-15,,,0.0,0.0,0.0,81.0,49.0,50.0,1610.6,1940-05-15,2026-02-28,39.76746,"DENVER CENTRAL PARK, CO US",1,METERS,-104.86948,2022-05-15,2022,No Snow,0
GHCND:USW00023062,2022-05-16,,,0.0,0.0,0.0,77.0,47.0,48.0,1610.6,1940-05-15,2026-02-28,39.76746,"DENVER CENTRAL PARK, CO US",1,METERS,-104.86948,2022-05-16,2022,No Snow,0
GHCND:USW00023062,2022-05-17,,,0.0,0.0,0.0,85.0,48.0,50.0,1610.6,1940-05-15,2026-02-28,39.76746,"DENVER CENTRAL PARK, CO US",1,METERS,-104.86948,2022-05-17,2022,No Snow,0
GHCND:USW00023062,2022-05-18,,,0.0,0.0,0.0,85.0,50.0,56.0,1610.6,1940-05-15,2026-02-28,39.76746,"DENVER CENTRAL PARK, CO US",1,METERS,-104.86948,2022-05-18,2022,No Snow,0
GHCND:USW00023062,2022-05-19,,,0.0,0.0,0.0,82.0,56.0,58.0,1610.6,1940-05-15,2026-02-28,39.76746,"DENVER CENTRAL PARK, CO US",1,METERS,-104.86948,2022-05-19,2022,No Snow,0
GHCND:USW00023062,2022-05-20,,,0.01,0.0,0.0,89.0,37.0,38.0,1610.6,1940-05-15,2026-02-28,39.76746,"DENVER CENTRAL PARK, CO US",1,METERS,-104.86948,2022-05-20,2022,No Snow,0
GHCND:USW00023062,2022-05-21,,,0.53,2.2,2.0,39.0,32.0,32.0,1610.6,1940-05-15,2026-02-28,39.76746,"DENVER CENTRAL PARK, CO US",1,METERS,-104.86948,2022-05-21,2022,"Snow < 5""",3
GHCND:USW00023062,2022-05-22,,,0.51,0.0,0.0,50.0,32.0,41.0,1610.6,1940-05-15,2026-02-28,39.76746,"DENVER CENTRAL PARK, CO US",1,METERS,-104.86948,2022-05-22,2022,No Snow,0
GHCND:USW00023062,2022-05-23,,,0.0,0.0,0.0,57.0,41.0,44.0,1610.6,1940-05-15,2026-02-28,39.76746,"DENVER CENTRAL PARK, CO US",1,METERS,-104.86948,2022-05-23,2022,No Snow,0
GHCND:USW00023062,2022-05-24,,,0.0,0.0,0.0,62.0,42.0,42.0,1610.6,1940-05-15,2026-02-28,39.76746,"DENVER CENTRAL PARK, CO US",1,METERS,-104.86948,2022-05-24,2022,No Snow,0
GHCND:USW00023062,2022-05-25,,,0.01,0.0,0.0,54.0,37.0,38.0,1610.6,1940-05-15,2026-02-28,39.76746,"DENVER CENTRAL PARK, CO US",1,METERS,-104.86948,2022-05-25,2022,No Snow,0
GHCND:USW00023062,2022-05-26,,,0.0,0.0,0.0,69.0,38.0,43.0,1610.6,1940-05-15,2026-02-28,39.76746,"DENVER CENTRAL PARK, CO US",1,METERS,-104.86948,2022-05-26,2022,No Snow,0
GHCND:USW00023062,2022-05-27,,,0.0,0.0,0.0,83.0,43.0,57.0,1610.6,1940-05-15,2026-02-28,39.76746,"DENVER CENTRAL PARK, CO US",1,METERS,-104.86948,2022-05-27,2022,No Snow,0
GHCND:USW00023062,2022-05-28,,,0.01,0.0,0.0,90.0,51.0,52.0,1610.6,1940-05-15,2026-02-28,39.76746,"DENVER CENTRAL PARK, CO US",1,METERS,-104.86948,2022-05-28,2022,No Snow,0
GHCND:USW00023062,2022-05-29,,,0.01,0.0,0.0,86.0,51.0,51.0,1610.6,1940-05-15,2026-02-28,39.76746,"DENVER CENTRAL PARK, CO US",1,METERS,-104.86948,2022-05-29,2022,No Snow,0
GHCND:USW00023062,2022-05-30,,,0.14,0.0,0.0,76.0,45.0,45.0,1610.6,1940-05-15,2026-02-28,39.76746,"DENVER CENTRAL PARK, CO US",1,METERS,-104.86948,2022-05-30,2022,No Snow,0
GHCND:USW00023062,2022-05-31,,,0.0,0.0,0.0,67.0,43.0,48.0,1610.6,1940-05-15,2026-02-28,39.76746,"DENVER CENTRAL PARK, CO US",1,METERS,-104.86948,2022-05-31,2022,No Snow,0
GHCND:USW00023062,2022-06-01,,,1.47,0.0,0.0,62.0,40.0,40.0,1610.6,1940-05-15,2026-02-28,39.76746,"DENVER CENTRAL PARK, CO US",1,METERS,-104.86948,2022-06-01,2022,No Snow,0
GHCND:USW00023062,2022-06-02,,,0.28,0.0,0.0,55.0,39.0,43.0,1610.6,1940-05-15,2026-02-28,39.76746,"DENVER CENTRAL PARK, CO US",1,METERS,-104.86948,2022-06-02,2022,No Snow,0
GHCND:USW00023062,2022-06-03,,,0.0,0.0,0.0,69.0,43.0,50.0,1610.6,1940-05-15,2026-02-28,39.76746,"DENVER CENTRAL PARK, CO US",1,METERS,-104.86948,2022-06-03,2022,No Snow,0
GHCND:USW00023062,2022-06-04,,,0.0,0.0,0.0,76.0,47.0,49.0,1610.6,1940-05-15,2026-02-28,39.76746,"DENVER CENTRAL PARK, CO US",1,METERS,-104.86948,2022-06-04,2022,No Snow,0
GHCND:USW00023062,2022-06-05,,,0.0,0.0,0.0,84.0,49.0,59.0,1610.6,1940-05-15,2026-02-28,39.76746,"DENVER CENTRAL PARK, CO US",1,METERS,-104.86948,2022-06-05,2022,No Snow,0
GHCND:USW00023062,2022-06-06,,,0.0,0.0,0.0,84.0,54.0,55.0,1610.6,1940-05-15,2026-02-28,39.76746,"DENVER CENTRAL PARK, CO US",1,METERS,-104.86948,2022-06-06,2022,No Snow,0
GHCND:USW00023062,2022-06-07,,,0.0,0.0,0.0,78.0,55.0,55.0,1610.6,1940-05-15,2026-02-28,39.76746,"DENVER CENTRAL PARK, CO US",1,METERS,-104.86948,2022-06-07,2022,No Snow,0
GHCND:USW00023062,2022-06-08,,,0.0,0.0,0.0,82.0,49.0,50.0,1610.6,1940-05-15,2026-02-28,39.76746,"DENVER CENTRAL PARK, CO US",1,METERS,-104.86948,2022-06-08,2022,No Snow,0
GHCND:USW00023062,2022-06-09,,,0.0,0.0,0.0,82.0,50.0,56.0,1610.6,1940-05-15,2026-02-28,39.76746,"DENVER CENTRAL PARK, CO US",1,METERS,-104.86948,2022-06-09,2022,No Snow,0
GHCND:USW00023062,2022-06-10,,,0.0,0.0,0.0,89.0,55.0,57.0,1610.6,1940-05-15,2026-02-28,39.76746,"DENVER CENTRAL PARK, CO US",1,METERS,-104.86948,2022-06-10,2022,No Snow,0
GHCND:USW00023062,2022-06-11,,,0.0,0.0,0.0,91.0,57.0,63.0,1610.6,1940-05-15,2026-02-28,39.76746,"DENVER CENTRAL PARK, CO US",1,METERS,-104.86948,2022-06-11,2022,No Snow,0
GHCND:USW00023062,2022-06-12,,,0.0,0.0,0.0,100.0,62.0,64.0,1610.6,1940-05-15,2026-02-28,39.76746,"DENVER CENTRAL PARK, CO US",1,METERS,-104.86948,2022-06-12,2022,No Snow,0
GHCND:USW00023062,2022-06-13,,,0.01,0.0,0.0,92.0,59.0,62.0,1610.6,1940-05-15,2026-02-28,39.76746,"DENVER CENTRAL PARK, CO US",1,METERS,-104.86948,2022-06-13,2022,No Snow,0
GHCND:USW00023062,2022-06-14,,,0.0,0.0,0.0,98.0,57.0,57.0,1610.6,1940-05-15,2026-02-28,39.76746,"DENVER CENTRAL PARK, CO US",1,METERS,-104.86948,2022-06-14,2022,No Snow,0
GHCND:USW00023062,2022-06-15,,,0.0,0.0,0.0,84.0,50.0,53.0,1610.6,1940-05-15,2026-02-28,39.76746,"DENVER CENTRAL PARK, CO US",1,METERS,-104.86948,2022-06-15,2022,No Snow,0
GHCND:USW00023062,2022-06-16,,,0.0,0.0,0.0,87.0,53.0,55.0,1610.6,1940-05-15,2026-02-28,39.76746,"DENVER CENTRAL PARK, CO US",1,METERS,-104.86948,2022-06-16,2022,No Snow,0
GHCND:USW00023062,2022-06-17,,,0.0,0.0,0.0,94.0,55.0,61.0,1610.6,1940-05-15,2026-02-28,39.76746,"DENVER CENTRAL PARK, CO US",1,METERS,-104.86948,2022-06-17,2022,No Snow,0
GHCND:USW00023062,2022-06-18,,,0.0,0.0,0.0,97.0,61.0,70.0,1610.6,1940-05-15,2026-02-28,39.76746,"DENVER CENTRAL PARK, CO US",1,METERS,-104.86948,2022-06-18,2022,No Snow,0
GHCND:USW00023062,2022-06-19,,,0.0,0.0,0.0,91.0,70.0,70.0,1610.6,1940-05-15,2026-02-28,39.76746,"DENVER CENTRAL PARK, CO US",1,METERS,-104.86948,2022-06-19,2022,No Snow,0
GHCND:USW00023062,2022-06-20,,,0.0,0.0,0.0,89.0,65.0,66.0,1610.6,1940-05-15,2026-02-28,39.76746,"DENVER CENTRAL PARK, CO US",1,METERS,-104.86948,2022-06-20,2022,No Snow,0
GHCND:USW00023062,2022-06-21,,,0.0,0.0,0.0,89.0,56.0,58.0,1610.6,1940-05-15,2026-02-28,39.76746,"DENVER CENTRAL PARK, CO US",1,METERS,-104.86948,2022-06-21,2022,No Snow,0
GHCND:USW00023062,2022-06-22,,,0.0,0.0,0.0,78.0,50.0,53.0,1610.6,1940-05-15,2026-02-28,39.76746,"DENVER CENTRAL PARK, CO US",1,METERS,-104.86948,2022-06-22,2022,No Snow,0
GHCND:USW00023062,2022-06-23,,,0.0,0.0,0.0,84.0,53.0,56.0,1610.6,1940-05-15,2026-02-28,39.76746,"DENVER CENTRAL PARK, CO US",1,METERS,-104.86948,2022-06-23,2022,No Snow,0
GHCND:USW00023062,2022-06-24,,,0.0,0.0,0.0,92.0,56.0,60.0,1610.6,1940-05-15,2026-02-28,39.76746,"DENVER CENTRAL PARK, CO US",1,METERS,-104.86948,2022-06-24,2022,No Snow,0
GHCND:USW00023062,2022-06-25,,,0.0,0.0,0.0,90.0,58.0,59.0,1610.6,1940-05-15,2026-02-28,39.76746,"DENVER CENTRAL PARK, CO US",1,METERS,-104.86948,2022-06-25,2022,No Snow,0
GHCND:USW00023062,2022-06-26,,,0.0,0.0,0.0,71.0,53.0,57.0,1610.6,1940-05-15,2026-02-28,39.76746,"DENVER CENTRAL PARK, CO US",1,METERS,-104.86948,2022-06-26,2022,No Snow,0
GHCND:USW00023062,2022-06-27,,,0.0,0.0,0.0,68.0,52.0,54.0,1610.6,1940-05-15,2026-02-28,39.76746,"DENVER CENTRAL PARK, CO US",1,METERS,-104.86948,2022-06-27,2022,No Snow,0
GHCND:USW00023062,2022-06-28,,,0.0,0.0,0.0,87.0,54.0,58.0,1610.6,1940-05-15,2026-02-28,39.76746,"DENVER CENTRAL PARK, CO US",1,METERS,-104.86948,2022-06-28,2022,No Snow,0
GHCND:USW00023062,2022-06-29,,,0.0,0.0,0.0,94.0,58.0,66.0,1610.6,1940-05-15,2026-02-28,39.76746,"DENVER CENTRAL PARK, CO US",1,METERS,-104.86948,2022-06-29,2022,No Snow,0
GHCND:USW00023062,2022-06-30,,,0.08,0.0,0.0,94.0,63.0,66.0,1610.6,1940-05-15,2026-02-28,39.76746,"DENVER CENTRAL PARK, CO US",1,METERS,-104.86948,2022-06-30,2022,No Snow,0
GHCND:USW00023062,2022-07-01,,,0.0,0.0,0.0,81.0,57.0,57.0,1610.6,1940-05-15,2026-02-28,39.76746,"DENVER CENTRAL PARK, CO US",1,METERS,-104.86948,2022-07-01,2022,No Snow,0
GHCND:USW00023062,2022-07-02,,,0.0,0.0,0.0,86.0,57.0,58.0,1610.6,1940-05-15,2026-02-28,39.76746,"DENVER CENTRAL PARK, CO US",1,METERS,-104.86948,2022-07-02,2022,No Snow,0
GHCND:USW00023062,2022-07-03,,,0.0,0.0,0.0,89.0,58.0,62.0,1610.6,1940-05-15,2026-02-28,39.76746,"DENVER CENTRAL PARK, CO US",1,METERS,-104.86948,2022-07-03,2022,No Snow,0
GHCND:USW00023062,2022-07-04,,,0.01,0.0,0.0,93.0,62.0,64.0,1610.6,1940-05-15,2026-02-28,39.76746,"DENVER CENTRAL PARK, CO US",1,METERS,-104.86948,2022-07-04,2022,No Snow,0
GHCND:USW00023062,2022-07-05,,,0.0,0.0,0.0,95.0,62.0,64.0,1610.6,1940-05-15,2026-02-28,39.76746,"DENVER CENTRAL PARK, CO US",1,METERS,-104.86948,2022-07-05,2022,No Snow,0
GHCND:USW00023062,2022-07-06,,,0.0,0.0,0.0,94.0,64.0,65.0,1610.6,1940-05-15,2026-02-28,39.76746,"DENVER CENTRAL PARK, CO US",1,METERS,-104.86948,2022-07-06,2022,No Snow,0
GHCND:USW00023062,2022-07-07,,,0.3,0.0,0.0,85.0,58.0,59.0,1610.6,1940-05-15,2026-02-28,39.76746,"DENVER CENTRAL PARK, CO US",1,METERS,-104.86948,2022-07-07,2022,No Snow,0
GHCND:USW00023062,2022-07-08,,,0.01,0.0,0.0,91.0,58.0,59.0,1610.6,1940-05-15,2026-02-28,39.76746,"DENVER CENTRAL PARK, CO US",1,METERS,-104.86948,2022-07-08,2022,No Snow,0
GHCND:USW00023062,2022-07-09,,,0.0,0.0,0.0,95.0,59.0,68.0,1610.6,1940-05-15,2026-02-28,39.76746,"DENVER CENTRAL PARK, CO US",1,METERS,-104.86948,2022-07-09,2022,No Snow,0
GHCND:USW00023062,2022-07-10,,,0.0,0.0,0.0,99.0,68.0,71.0,1610.6,1940-05-15,2026-02-28,39.76746,"DENVER CENTRAL PARK, CO US",1,METERS,-104.86948,2022-07-10,2022,No Snow,0
GHCND:USW00023062,2022-07-11,,,0.0,0.0,0.0,101.0,66.0,68.0,1610.6,1940-05-15,2026-02-28,39.76746,"DENVER CENTRAL PARK, CO US",1,METERS,-104.86948,2022-07-11,2022,No Snow,0
GHCND:USW00023062,2022-07-12,,,0.0,0.0,0.0,81.0,59.0,71.0,1610.6,1940-05-15,2026-02-28,39.76746,"DENVER CENTRAL PARK, CO US",1,METERS,-104.86948,2022-07-12,2022,No Snow,0
GHCND:USW00023062,2022-07-13,,,0.0,0.0,0.0,96.0,59.0,60.0,1610.6,1940-05-15,2026-02-28,39.76746,"DENVER CENTRAL PARK, CO US",1,METERS,-104.86948,2022-07-13,2022,No Snow,0
GHCND:USW00023062,2022-07-14,,,0.0,0.0,0.0,99.0,60.0,69.0,1610.6,1940-05-15,2026-02-28,39.76746,"DENVER CENTRAL PARK, CO US",1,METERS,-104.86948,2022-07-14,2022,No Snow,0
GHCND:USW00023062,2022-07-15,,,0.0,0.0,0.0,99.0,66.0,67.0,1610.6,1940-05-15,2026-02-28,39.76746,"DENVER CENTRAL PARK, CO US",1,METERS,-104.86948,2022-07-15,2022,No Snow,0
GHCND:USW00023062,2022-07-16,,,0.0,0.0,0.0,96.0,65.0,66.0,1610.6,1940-05-15,2026-02-28,39.76746,"DENVER CENTRAL PARK, CO US",1,METERS,-104.86948,2022-07-16,2022,No Snow,0
GHCND:USW00023062,2022-07-17,,,0.0,0.0,0.0,93.0,64.0,64.0,1610.6,1940-05-15,2026-02-28,39.76746,"DENVER CENTRAL PARK, CO US",1,METERS,-104.86948,2022-07-17,2022,No Snow,0
GHCND:USW00023062,2022-07-18,,,0.0,0.0,0.0,98.0,64.0,76.0,1610.6,1940-05-15,2026-02-28,39.76746,"DENVER CENTRAL PARK, CO US",1,METERS,-104.86948,2022-07-18,2022,No Snow,0
GHCND:USW00023062,2022-07-19,,,0.01,0.0,0.0,99.0,69.0,69.0,1610.6,1940-05-15,2026-02-28,39.76746,"DENVER CENTRAL PARK, CO US",1,METERS,-104.86948,2022-07-19,2022,No Snow,0
GHCND:USW00023062,2022-07-20,,,0.12,0.0,0.0,98.0,64.0,65.0,1610.6,1940-05-15,2026-02-28,39.76746,"DENVER CENTRAL PARK, CO US",1,METERS,-104.86948,2022-07-20,2022,No Snow,0
GHCND:USW00023062,2022-07-21,,,0.64,0.0,0.0,94.0,61.0,61.0,1610.6,1940-05-15,2026-02-28,39.76746,"DENVER CENTRAL PARK, CO US",1,METERS,-104.86948,2022-07-21,2022,No Snow,0
GHCND:USW00023062,2022-07-22,,,0.0,0.0,0.0,95.0,61.0,64.0,1610.6,1940-05-15,2026-02-28,39.76746,"DENVER CENTRAL PARK, CO US",1,METERS,-104.86948,2022-07-22,2022,No Snow,0
GHCND:USW00023062,2022-07-23,,,0.0,0.0,0.0,98.0,64.0,73.0,1610.6,1940-05-15,2026-02-28,39.76746,"DENVER CENTRAL PARK, CO US",1,METERS,-104.86948,2022-07-23,2022,No Snow,0
GHCND:USW00023062,2022-07-24,,,0.07,0.0,0.0,96.0,61.0,61.0,1610.6,1940-05-15,2026-02-28,39.76746,"DENVER CENTRAL PARK, CO US",1,METERS,-104.86948,2022-07-24,2022,No Snow,0
GHCND:USW00023062,2022-07-25,,,0.11,0.0,0.0,81.0,58.0,59.0,1610.6,1940-05-15,2026-02-28,39.76746,"DENVER CENTRAL PARK, CO US",1,METERS,-104.86948,2022-07-25,2022,No Snow,0
GHCND:USW00023062,2022-07-26,,,0.0,0.0,0.0,91.0,58.0,63.0,1610.6,1940-05-15,2026-02-28,39.76746,"DENVER CENTRAL PARK, CO US",1,METERS,-104.86948,2022-07-26,2022,No Snow,0
GHCND:USW00023062,2022-07-27,,,0.18,0.0,0.0,86.0,62.0,62.0,1610.6,1940-05-15,2026-02-28,39.76746,"DENVER CENTRAL PARK, CO US",1,METERS,-104.86948,2022-07-27,2022,No Snow,0
GHCND:USW00023062,2022-07-28,,,0.0,0.0,0.0,88.0,62.0,63.0,1610.6,1940-05-15,2026-02-28,39.76746,"DENVER CENTRAL PARK, CO US",1,METERS,-104.86948,2022-07-28,2022,No Snow,0
GHCND:USW00023062,2022-07-29,,,0.0,0.0,0.0,78.0,58.0,59.0,1610.6,1940-05-15,2026-02-28,39.76746,"DENVER CENTRAL PARK, CO US",1,METERS,-104.86948,2022-07-29,2022,No Snow,0
GHCND:USW00023062,2022-07-30,,,0.0,0.0,0.0,83.0,55.0,55.0,1610.6,1940-05-15,2026-02-28,39.76746,"DENVER CENTRAL PARK, CO US",1,METERS,-104.86948,2022-07-30,2022,No Snow,0
GHCND:USW00023062,2022-07-31,,,0.0,0.0,0.0,92.0,55.0,62.0,1610.6,1940-05-15,2026-02-28,39.76746,"DENVER CENTRAL PARK, CO US",1,METERS,-104.86948,2022-07-31,2022,No Snow,0
GHCND:USW00023062,2022-08-01,,,0.0,0.0,0.0,92.0,62.0,62.0,1610.6,1940-05-15,2026-02-28,39.76746,"DENVER CENTRAL PARK, CO US",1,METERS,-104.86948,2022-08-01,2022,No Snow,0
GHCND:USW00023062,2022-08-02,,,0.0,0.0,0.0,97.0,62.0,66.0,1610.6,1940-05-15,2026-02-28,39.76746,"DENVER CENTRAL PARK, CO US",1,METERS,-104.86948,2022-08-02,2022,No Snow,0
GHCND:USW00023062,2022-08-03,,,0.0,0.0,0.0,95.0,65.0,68.0,1610.6,1940-05-15,2026-02-28,39.76746,"DENVER CENTRAL PARK, CO US",1,METERS,-104.86948,2022-08-03,2022,No Snow,0
GHCND:USW00023062,2022-08-04,,,0.0,0.0,0.0,90.0,66.0,66.0,1610.6,1940-05-15,2026-02-28,39.76746,"DENVER CENTRAL PARK, CO US",1,METERS,-104.86948,2022-08-04,2022,No Snow,0
GHCND:USW00023062,2022-08-05,,,0.0,0.0,0.0,97.0,66.0,68.0,1610.6,1940-05-15,2026-02-28,39.76746,"DENVER CENTRAL PARK, CO US",1,METERS,-104.86948,2022-08-05,2022,No Snow,0
GHCND:USW00023062,2022-08-06,,,0.0,0.0,0.0,100.0,68.0,70.0,1610.6,1940-05-15,2026-02-28,39.76746,"DENVER CENTRAL PARK, CO US",1,METERS,-104.86948,2022-08-06,2022,No Snow,0
GHCND:USW00023062,2022-08-07,,,1.11,0.0,0.0,93.0,64.0,69.0,1610.6,1940-05-15,2026-02-28,39.76746,"DENVER CENTRAL PARK, CO US",1,METERS,-104.86948,2022-08-07,2022,No Snow,0
GHCND:USW00023062,2022-08-08,,,0.47,0.0,0.0,83.0,60.0,60.0,1610.6,1940-05-15,2026-02-28,39.76746,"DENVER CENTRAL PARK, CO US",1,METERS,-104.86948,2022-08-08,2022,No Snow,0
GHCND:USW00023062,2022-08-09,,,0.0,0.0,0.0,90.0,59.0,65.0,1610.6,1940-05-15,2026-02-28,39.76746,"DENVER CENTRAL PARK, CO US",1,METERS,-104.86948,2022-08-09,2022,No Snow,0
GHCND:USW00023062,2022-08-10,,,0.0,0.0,0.0,93.0,65.0,66.0,1610.6,1940-05-15,2026-02-28,39.76746,"DENVER CENTRAL PARK, CO US",1,METERS,-104.86948,2022-08-10,2022,No Snow,0
GHCND:USW00023062,2022-08-11,,,0.0,0.0,0.0,94.0,65.0,65.0,1610.6,1940-05-15,2026-02-28,39.76746,"DENVER CENTRAL PARK, CO US",1,METERS,-104.86948,2022-08-11,2022,No Snow,0
GHCND:USW00023062,2022-08-12,,,0.0,0.0,0.0,96.0,64.0,70.0,1610.6,1940-05-15,2026-02-28,39.76746,"DENVER CENTRAL PARK, CO US",1,METERS,-104.86948,2022-08-12,2022,No Snow,0
GHCND:USW00023062,2022-08-13,,,0.0,0.0,0.0,93.0,65.0,65.0,1610.6,1940-05-15,2026-02-28,39.76746,"DENVER CENTRAL PARK, CO US",1,METERS,-104.86948,2022-08-13,2022,No Snow,0
GHCND:USW00023062,2022-08-14,,,0.0,0.0,0.0,93.0,63.0,63.0,1610.6,1940-05-15,2026-02-28,39.76746,"DENVER CENTRAL PARK, CO US",1,METERS,-104.86948,2022-08-14,2022,No Snow,0
GHCND:USW00023062,2022-08-15,,,0.01,0.0,0.0,92.0,62.0,65.0,1610.6,1940-05-15,2026-02-28,39.76746,"DENVER CENTRAL PARK, CO US",1,METERS,-104.86948,2022-08-15,2022,No Snow,0
GHCND:USW00023062,2022-08-16,,,0.32,0.0,0.0,85.0,61.0,62.0,1610.6,1940-05-15,2026-02-28,39.76746,"DENVER CENTRAL PARK, CO US",1,METERS,-104.86948,2022-08-16,2022,No Snow,0
GHCND:USW00023062,2022-08-17,,,0.52,0.0,0.0,70.0,55.0,56.0,1610.6,1940-05-15,2026-02-28,39.76746,"DENVER CENTRAL PARK, CO US",1,METERS,-104.86948,2022-08-17,2022,No Snow,0
GHCND:USW00023062,2022-08-18,,,0.0,0.0,0.0,82.0,55.0,60.0,1610.6,1940-05-15,2026-02-28,39.76746,"DENVER CENTRAL PARK, CO US",1,METERS,-104.86948,2022-08-18,2022,No Snow,0
GHCND:USW00023062,2022-08-19,,,0.0,0.0,0.0,86.0,59.0,60.0,1610.6,1940-05-15,2026-02-28,39.76746,"DENVER CENTRAL PARK, CO US",1,METERS,-104.86948,2022-08-19,2022,No Snow,0
GHCND:USW00023062,2022-08-20,,,0.0,0.0,0.0,82.0,59.0,59.0,1610.6,1940-05-15,2026-02-28,39.76746,"DENVER CENTRAL PARK, CO US",1,METERS,-104.86948,2022-08-20,2022,No Snow,0
GHCND:USW00023062,2022-08-21,,,0.0,0.0,0.0,79.0,58.0,60.0,1610.6,1940-05-15,2026-02-28,39.76746,"DENVER CENTRAL PARK, CO US",1,METERS,-104.86948,2022-08-21,2022,No Snow,0
GHCND:USW00023062,2022-08-22,,,0.41,0.0,0.0,84.0,59.0,60.0,1610.6,1940-05-15,2026-02-28,39.76746,"DENVER CENTRAL PARK, CO US",1,METERS,-104.86948,2022-08-22,2022,No Snow,0
GHCND:USW00023062,2022-08-23,,,0.0,0.0,0.0,83.0,59.0,59.0,1610.6,1940-05-15,2026-02-28,39.76746,"DENVER CENTRAL PARK, CO US",1,METERS,-104.86948,2022-08-23,2022,No Snow,0
GHCND:USW00023062,2022-08-24,,,0.0,0.0,0.0,85.0,56.0,56.0,1610.6,1940-05-15,2026-02-28,39.76746,"DENVER CENTRAL PARK, CO US",1,METERS,-104.86948,2022-08-24,2022,No Snow,0
GHCND:USW00023062,2022-08-25,,,0.0,0.0,0.0,86.0,56.0,58.0,1610.6,1940-05-15,2026-02-28,39.76746,"DENVER CENTRAL PARK, CO US",1,METERS,-104.86948,2022-08-25,2022,No Snow,0
GHCND:USW00023062,2022-08-26,,,0.0,0.0,0.0,86.0,57.0,63.0,1610.6,1940-05-15,2026-02-28,39.76746,"DENVER CENTRAL PARK, CO US",1,METERS,-104.86948,2022-08-26,2022,No Snow,0
GHCND:USW00023062,2022-08-27,,,0.0,0.0,0.0,83.0,59.0,59.0,1610.6,1940-05-15,2026-02-28,39.76746,"DENVER CENTRAL PARK, CO US",1,METERS,-104.86948,2022-08-27,2022,No Snow,0
GHCND:USW00023062,2022-08-28,,,0.01,0.0,0.0,89.0,59.0,62.0,1610.6,1940-05-15,2026-02-28,39.76746,"DENVER CENTRAL PARK, CO US",1,METERS,-104.86948,2022-08-28,2022,No Snow,0
GHCND:USW00023062,2022-08-29,,,0.0,0.0,0.0,91.0,54.0,55.0,1610.6,1940-05-15,2026-02-28,39.76746,"DENVER CENTRAL PARK, CO US",1,METERS,-104.86948,2022-08-29,2022,No Snow,0
GHCND:USW00023062,2022-08-30,,,0.0,0.0,0.0,87.0,55.0,57.0,1610.6,1940-05-15,2026-02-28,39.76746,"DENVER CENTRAL PARK, CO US",1,METERS,-104.86948,2022-08-30,2022,No Snow,0
GHCND:USW00023062,2022-08-31,,,0.0,0.0,0.0,92.0,57.0,67.0,1610.6,1940-05-15,2026-02-28,39.76746,"DENVER CENTRAL PARK, CO US",1,METERS,-104.86948,2022-08-31,2022,No Snow,0
GHCND:USW00023062,2022-09-01,,,0.0,0.0,0.0,92.0,58.0,58.0,1610.6,1940-05-15,2026-02-28,39.76746,"DENVER CENTRAL PARK, CO US",1,METERS,-104.86948,2022-09-01,2022,No Snow,0
GHCND:USW00023062,2022-09-02,,,0.07,0.0,0.0,92.0,58.0,63.0,1610.6,1940-05-15,2026-02-28,39.76746,"DENVER CENTRAL PARK, CO US",1,METERS,-104.86948,2022-09-02,2022,No Snow,0
GHCND:USW00023062,2022-09-03,,,0.0,0.0,0.0,93.0,61.0,61.0,1610.6,1940-05-15,2026-02-28,39.76746,"DENVER CENTRAL PARK, CO US",1,METERS,-104.86948,2022-09-03,2022,No Snow,0
GHCND:USW00023062,2022-09-04,,,0.0,0.0,0.0,89.0,58.0,59.0,1610.6,1940-05-15,2026-02-28,39.76746,"DENVER CENTRAL PARK, CO US",1,METERS,-104.86948,2022-09-04,2022,No Snow,0
GHCND:USW00023062,2022-09-05,,,0.0,0.0,0.0,94.0,58.0,63.0,1610.6,1940-05-15,2026-02-28,39.76746,"DENVER CENTRAL PARK, CO US",1,METERS,-104.86948,2022-09-05,2022,No Snow,0
GHCND:USW00023062,2022-09-06,,,0.0,0.0,0.0,96.0,61.0,63.0,1610.6,1940-05-15,2026-02-28,39.76746,"DENVER CENTRAL PARK, CO US",1,METERS,-104.86948,2022-09-06,2022,No Snow,0
GHCND:USW00023062,2022-09-07,,,0.0,0.0,0.0,97.0,61.0,61.0,1610.6,1940-05-15,2026-02-28,39.76746,"DENVER CENTRAL PARK, CO US",1,METERS,-104.86948,2022-09-07,2022,No Snow,0
GHCND:USW00023062,2022-09-08,,,0.0,0.0,0.0,98.0,61.0,68.0,1610.6,1940-05-15,2026-02-28,39.76746,"DENVER CENTRAL PARK, CO US",1,METERS,-104.86948,2022-09-08,2022,No Snow,0
GHCND:USW00023062,2022-09-09,,,0.0,0.0,0.0,99.0,53.0,54.0,1610.6,1940-05-15,2026-02-28,39.76746,"DENVER CENTRAL PARK, CO US",1,METERS,-104.86948,2022-09-09,2022,No Snow,0
GHCND:USW00023062,2022-09-10,,,0.17,0.0,0.0,63.0,46.0,46.0,1610.6,1940-05-15,2026-02-28,39.76746,"DENVER CENTRAL PARK, CO US",1,METERS,-104.86948,2022-09-10,2022,No Snow,0
GHCND:USW00023062,2022-09-11,,,0.05,0.0,0.0,52.0,43.0,47.0,1610.6,1940-05-15,2026-02-28,39.76746,"DENVER CENTRAL PARK, CO US",1,METERS,-104.86948,2022-09-11,2022,No Snow,0
GHCND:USW00023062,2022-09-12,,,0.0,0.0,0.0,77.0,47.0,47.0,1610.6,1940-05-15,2026-02-28,39.76746,"DENVER CENTRAL PARK, CO US",1,METERS,-104.86948,2022-09-12,2022,No Snow,0
GHCND:USW00023062,2022-09-13,,,0.0,0.0,0.0,87.0,45.0,51.0,1610.6,1940-05-15,2026-02-28,39.76746,"DENVER CENTRAL PARK, CO US",1,METERS,-104.86948,2022-09-13,2022,No Snow,0
GHCND:USW00023062,2022-09-14,,,0.0,0.0,0.0,90.0,51.0,63.0,1610.6,1940-05-15,2026-02-28,39.76746,"DENVER CENTRAL PARK, CO US",1,METERS,-104.86948,2022-09-14,2022,No Snow,0
GHCND:USW00023062,2022-09-15,,,0.13,0.0,0.0,81.0,51.0,53.0,1610.6,1940-05-15,2026-02-28,39.76746,"DENVER CENTRAL PARK, CO US",1,METERS,-104.86948,2022-09-15,2022,No Snow,0
GHCND:USW00023062,2022-09-16,,,0.0,0.0,0.0,79.0,51.0,52.0,1610.6,1940-05-15,2026-02-28,39.76746,"DENVER CENTRAL PARK, CO US",1,METERS,-104.86948,2022-09-16,2022,No Snow,0
GHCND:USW00023062,2022-09-17,,,0.0,0.0,0.0,82.0,50.0,50.0,1610.6,1940-05-15,2026-02-28,39.76746,"DENVER CENTRAL PARK, CO US",1,METERS,-104.86948,2022-09-17,2022,No Snow,0
GHCND:USW00023062,2022-09-18,,,0.0,0.0,0.0,85.0,49.0,49.0,1610.6,1940-05-15,2026-02-28,39.76746,"DENVER CENTRAL PARK, CO US",1,METERS,-104.86948,2022-09-18,2022,No Snow,0
GHCND:USW00023062,2022-09-19,,,0.0,0.0,0.0,86.0,48.0,53.0,1610.6,1940-05-15,2026-02-28,39.76746,"DENVER CENTRAL PARK, CO US",1,METERS,-104.86948,2022-09-19,2022,No Snow,0
GHCND:USW00023062,2022-09-20,,,0.0,0.0,0.0,92.0,50.0,56.0,1610.6,1940-05-15,2026-02-28,39.76746,"DENVER CENTRAL PARK, CO US",1,METERS,-104.86948,2022-09-20,2022,No Snow,0
GHCND:USW00023062,2022-09-21,,,0.0,0.0,0.0,92.0,56.0,62.0,1610.6,1940-05-15,2026-02-28,39.76746,"DENVER CENTRAL PARK, CO US",1,METERS,-104.86948,2022-09-21,2022,No Snow,0
GHCND:USW00023062,2022-09-22,,,0.13,0.0,0.0,62.0,48.0,49.0,1610.6,1940-05-15,2026-02-28,39.76746,"DENVER CENTRAL PARK, CO US",1,METERS,-104.86948,2022-09-22,2022,No Snow,0
GHCND:USW00023062,2022-09-23,,,0.01,0.0,0.0,62.0,48.0,48.0,1610.6,1940-05-15,2026-02-28,39.76746,"DENVER CENTRAL PARK, CO US",1,METERS,-104.86948,2022-09-23,2022,No Snow,0
GHCND:USW00023062,2022-09-24,,,0.0,0.0,0.0,81.0,45.0,47.0,1610.6,1940-05-15,2026-02-28,39.76746,"DENVER CENTRAL PARK, CO US",1,METERS,-104.86948,2022-09-24,2022,No Snow,0
GHCND:USW00023062,2022-09-25,,,0.0,0.0,0.0,81.0,45.0,46.0,1610.6,1940-05-15,2026-02-28,39.76746,"DENVER CENTRAL PARK, CO US",1,METERS,-104.86948,2022-09-25,2022,No Snow,0
GHCND:USW00023062,2022-09-26,,,0.0,0.0,0.0,76.0,44.0,47.0,1610.6,1940-05-15,2026-02-28,39.76746,"DENVER CENTRAL PARK, CO US",1,METERS,-104.86948,2022-09-26,2022,No Snow,0
GHCND:USW00023062,2022-09-27,,,0.0,0.0,0.0,80.0,44.0,50.0,1610.6,1940-05-15,2026-02-28,39.76746,"DENVER CENTRAL PARK, CO US",1,METERS,-104.86948,2022-09-27,2022,No Snow,0
GHCND:USW00023062,2022-09-28,,,0.0,0.0,0.0,78.0,48.0,48.0,1610.6,1940-05-15,2026-02-28,39.76746,"DENVER CENTRAL PARK, CO US",1,METERS,-104.86948,2022-09-28,2022,No Snow,0
GHCND:USW00023062,2022-09-29,,,0.0,0.0,0.0,88.0,47.0,59.0,1610.6,1940-05-15,2026-02-28,39.76746,"DENVER CENTRAL PARK, CO US",1,METERS,-104.86948,2022-09-29,2022,No Snow,0
GHCND:USW00023062,2022-09-30,,,0.0,0.0,0.0,85.0,52.0,56.0,1610.6,1940-05-15,2026-02-28,39.76746,"DENVER CENTRAL PARK, CO US",1,METERS,-104.86948,2022-09-30,2022,No Snow,0
GHCND:USW00023062,2022-10-01,,,0.38,0.0,0.0,82.0,52.0,52.0,1610.6,1940-05-15,2026-02-28,39.76746,"DENVER CENTRAL PARK, CO US",1,METERS,-104.86948,2022-10-01,2022,No Snow,0
GHCND:USW00023062,2022-10-02,,,0.01,0.0,0.0,74.0,49.0,50.0,1610.6,1940-05-15,2026-02-28,39.76746,"DENVER CENTRAL PARK, CO US",1,METERS,-104.86948,2022-10-02,2022,No Snow,0
GHCND:USW00023062,2022-10-03,,,0.0,0.0,0.0,77.0,50.0,50.0,1610.6,1940-05-15,2026-02-28,39.76746,"DENVER CENTRAL PARK, CO US",1,METERS,-104.86948,2022-10-03,2022,No Snow,0
GHCND:USW00023062,2022-10-04,,,0.25,0.0,0.0,73.0,48.0,49.0,1610.6,1940-05-15,2026-02-28,39.76746,"DENVER CENTRAL PARK, CO US",1,METERS,-104.86948,2022-10-04,2022,No Snow,0
GHCND:USW00023062,2022-10-05,,,0.01,0.0,0.0,65.0,47.0,47.0,1610.6,1940-05-15,2026-02-28,39.76746,"DENVER CENTRAL PARK, CO US",1,METERS,-104.86948,2022-10-05,2022,No Snow,0
GHCND:USW00023062,2022-10-06,,,0.0,0.0,0.0,67.0,41.0,41.0,1610.6,1940-05-15,2026-02-28,39.76746,"DENVER CENTRAL PARK, CO US",1,METERS,-104.86948,2022-10-06,2022,No Snow,0
GHCND:USW00023062,2022-10-07,,,0.0,0.0,0.0,72.0,41.0,41.0,1610.6,1940-05-15,2026-02-28,39.76746,"DENVER CENTRAL PARK, CO US",1,METERS,-104.86948,2022-10-07,2022,No Snow,0
GHCND:USW00023062,2022-10-08,,,0.0,0.0,0.0,48.0,40.0,45.0,1610.6,1940-05-15,2026-02-28,39.76746,"DENVER CENTRAL PARK, CO US",1,METERS,-104.86948,2022-10-08,2022,No Snow,0
GHCND:USW00023062,2022-10-09,,,0.0,0.0,0.0,66.0,38.0,38.0,1610.6,1940-05-15,2026-02-28,39.76746,"DENVER CENTRAL PARK, CO US",1,METERS,-104.86948,2022-10-09,2022,No Snow,0
GHCND:USW00023062,2022-10-10,,,0.0,0.0,0.0,72.0,38.0,44.0,1610.6,1940-05-15,2026-02-28,39.76746,"DENVER CENTRAL PARK, CO US",1,METERS,-104.86948,2022-10-10,2022,No Snow,0
GHCND:USW00023062,2022-10-11,,,0.0,0.0,0.0,76.0,42.0,46.0,1610.6,1940-05-15,2026-02-28,39.76746,"DENVER CENTRAL PARK, CO US",1,METERS,-104.86948,2022-10-11,2022,No Snow,0
GHCND:USW00023062,2022-10-12,,,0.0,0.0,0.0,77.0,37.0,38.0,1610.6,1940-05-15,2026-02-28,39.76746,"DENVER CENTRAL PARK, CO US",1,METERS,-104.86948,2022-10-12,2022,No Snow,0
GHCND:USW00023062,2022-10-13,,,0.0,0.0,0.0,69.0,37.0,37.0,1610.6,1940-05-15,2026-02-28,39.76746,"DENVER CENTRAL PARK, CO US",1,METERS,-104.86948,2022-10-13,2022,No Snow,0
GHCND:USW00023062,2022-10-14,,,0.0,0.0,0.0,66.0,35.0,37.0,1610.6,1940-05-15,2026-02-28,39.76746,"DENVER CENTRAL PARK, CO US",1,METERS,-104.86948,2022-10-14,2022,No Snow,0
GHCND:USW00023062,2022-10-15,,,0.0,0.0,0.0,77.0,37.0,45.0,1610.6,1940-05-15,2026-02-28,39.76746,"DENVER CENTRAL PARK, CO US",1,METERS,-104.86948,2022-10-15,2022,No Snow,0
GHCND:USW00023062,2022-10-16,,,0.0,0.0,0.0,62.0,37.0,46.0,1610.6,1940-05-15,2026-02-28,39.76746,"DENVER CENTRAL PARK, CO US",1,METERS,-104.86948,2022-10-16,2022,No Snow,0
GHCND:USW00023062,2022-10-17,,,0.0,0.0,0.0,59.0,32.0,33.0,1610.6,1940-05-15,2026-02-28,39.76746,"DENVER CENTRAL PARK, CO US",1,METERS,-104.86948,2022-10-17,2022,No Snow,0
GHCND:USW00023062,2022-10-18,,,0.0,0.0,0.0,,,,1610.6,1940-05-15,2026-02-28,39.76746,"DENVER CENTRAL PARK, CO US",1,METERS,-104.86948,2022-10-18,2022,No Snow,0
GHCND:USW00023062,2022-10-19,,,0.0,0.0,0.0,,,,1610.6,1940-05-15,2026-02-28,39.76746,"DENVER CENTRAL PARK, CO US",1,METERS,-104.86948,2022-10-19,2022,No Snow,0
GHCND:USW00023062,2022-10-20,,,0.0,0.0,0.0,76.0,43.0,43.0,1610.6,1940-05-15,2026-02-28,39.76746,"DENVER CENTRAL PARK, CO US",1,METERS,-104.86948,2022-10-20,2022,No Snow,0
GHCND:USW00023062,2022-10-21,,,0.0,0.0,0.0,81.0,43.0,53.0,1610.6,1940-05-15,2026-02-28,39.76746,"DENVER CENTRAL PARK, CO US",1,METERS,-104.86948,2022-10-21,2022,No Snow,0
GHCND:USW00023062,2022-10-22,,,0.0,0.0,0.0,78.0,49.0,49.0,1610.6,1940-05-15,2026-02-28,39.76746,"DENVER CENTRAL PARK, CO US",1,METERS,-104.86948,2022-10-22,2022,No Snow,0
GHCND:USW00023062,2022-10-23,,,0.0,0.0,0.0,75.0,49.0,55.0,1610.6,1940-05-15,2026-02-28,39.76746,"DENVER CENTRAL PARK, CO US",1,METERS,-104.86948,2022-10-23,2022,No Snow,0
GHCND:USW00023062,2022-10-24,,,0.0,0.0,0.0,68.0,32.0,32.0,1610.6,1940-05-15,2026-02-28,39.76746,"DENVER CENTRAL PARK, CO US",1,METERS,-104.86948,2022-10-24,2022,No Snow,0
GHCND:USW00023062,2022-10-25,,,0.0,0.0,0.0,,,,1610.6,1940-05-15,2026-02-28,39.76746,"DENVER CENTRAL PARK, CO US",1,METERS,-104.86948,2022-10-25,2022,No Snow,0
GHCND:USW00023062,2022-10-26,,,0.0,0.0,0.0,,,,1610.6,1940-05-15,2026-02-28,39.76746,"DENVER CENTRAL PARK, CO US",1,METERS,-104.86948,2022-10-26,2022,No Snow,0
GHCND:USW00023062,2022-10-27,,,0.3,0.0,0.0,,,,1610.6,1940-05-15,2026-02-28,39.76746,"DENVER CENTRAL PARK, CO US",1,METERS,-104.86948,2022-10-27,2022,No Snow,0
GHCND:USW00023062,2022-10-28,,,0.01,0.0,0.0,,,,1610.6,1940-05-15,2026-02-28,39.76746,"DENVER CENTRAL PARK, CO US",1,METERS,-104.86948,2022-10-28,2022,No Snow,0
GHCND:USW00023062,2022-10-29,,,0.0,0.0,0.0,,,,1610.6,1940-05-15,2026-02-28,39.76746,"DENVER CENTRAL PARK, CO US",1,METERS,-104.86948,2022-10-29,2022,No Snow,0
GHCND:USW00023062,2022-10-30,,,0.0,0.0,0.0,,,,1610.6,1940-05-15,2026-02-28,39.76746,"DENVER CENTRAL PARK, CO US",1,METERS,-104.86948,2022-10-30,2022,No Snow,0
GHCND:USW00023062,2022-10-31,,,0.0,0.0,0.0,,,,1610.6,1940-05-15,2026-02-28,39.76746,"DENVER CENTRAL PARK, CO US",1,METERS,-104.86948,2022-10-31,2022,No Snow,0
GHCND:USW00023062,2022-11-01,,,0.0,0.0,0.0,,,,1610.6,1940-05-15,2026-02-28,39.76746,"DENVER CENTRAL PARK, CO US",1,METERS,-104.86948,2022-11-01,2022,No Snow,0
GHCND:USW00023062,2022-11-02,,,0.0,0.0,0.0,,,,1610.6,1940-05-15,2026-02-28,39.76746,"DENVER CENTRAL PARK, CO US",1,METERS,-104.86948,2022-11-02,2022,No Snow,0
GHCND:USW00023062,2022-11-03,,,0.0,0.0,0.0,,,,1610.6,1940-05-15,2026-02-28,39.76746,"DENVER CENTRAL PARK, CO US",1,METERS,-104.86948,2022-11-03,2022,No Snow,0
GHCND:USW00023062,2022-11-04,,,0.14,2.5,3.0,39.0,26.0,26.0,1610.6,1940-05-15,2026-02-28,39.76746,"DENVER CENTRAL PARK, CO US",1,METERS,-104.86948,2022-11-04,2022,"Snow < 5""",3
GHCND:USW00023062,2022-11-05,,,0.0,0.0,0.0,47.0,26.0,34.0,1610.6,1940-05-15,2026-02-28,39.76746,"DENVER CENTRAL PARK, CO US",1,METERS,-104.86948,2022-11-05,2022,No Snow,0
GHCND:USW00023062,2022-11-06,,,0.0,0.0,0.0,61.0,34.0,36.0,1610.6,1940-05-15,2026-02-28,39.76746,"DENVER CENTRAL PARK, CO US",1,METERS,-104.86948,2022-11-06,2022,No Snow,0
GHCND:USW00023062,2022-11-07,,,0.0,0.0,0.0,50.0,32.0,38.0,1610.6,1940-05-15,2026-02-28,39.76746,"DENVER CENTRAL PARK, CO US",1,METERS,-104.86948,2022-11-07,2022,No Snow,0
GHCND:USW00023062,2022-11-08,,,0.0,0.0,0.0,57.0,37.0,52.0,1610.6,1940-05-15,2026-02-28,39.76746,"DENVER CENTRAL PARK, CO US",1,METERS,-104.86948,2022-11-08,2022,No Snow,0
GHCND:USW00023062,2022-11-09,,,0.0,0.0,0.0,74.0,27.0,27.0,1610.6,1940-05-15,2026-02-28,39.76746,"DENVER CENTRAL PARK, CO US",1,METERS,-104.86948,2022-11-09,2022,No Snow,0
GHCND:USW00023062,2022-11-10,,,0.0,0.0,0.0,47.0,26.0,34.0,1610.6,1940-05-15,2026-02-28,39.76746,"DENVER CENTRAL PARK, CO US",1,METERS,-104.86948,2022-11-10,2022,No Snow,0
GHCND:USW00023062,2022-11-11,,,0.0,0.0,0.0,50.0,18.0,20.0,1610.6,1940-05-15,2026-02-28,39.76746,"DENVER CENTRAL PARK, CO US",1,METERS,-104.86948,2022-11-11,2022,No Snow,0
GHCND:USW00023062,2022-11-12,,,0.0,0.0,0.0,38.0,14.0,15.0,1610.6,1940-05-15,2026-02-28,39.76746,"DENVER CENTRAL PARK, CO US",1,METERS,-104.86948,2022-11-12,2022,No Snow,0
GHCND:USW00023062,2022-11-13,,,0.0,0.0,0.0,47.0,15.0,18.0,1610.6,1940-05-15,2026-02-28,39.76746,"DENVER CENTRAL PARK, CO US",1,METERS,-104.86948,2022-11-13,2022,No Snow,0
GHCND:USW00023062,2022-11-14,,,0.0,0.0,0.0,51.0,17.0,18.0,1610.6,1940-05-15,2026-02-28,39.76746,"DENVER CENTRAL PARK, CO US",1,METERS,-104.86948,2022-11-14,2022,No Snow,0
GHCND:USW00023062,2022-11-15,,,0.05,1.0,1.0,36.0,18.0,23.0,1610.6,1940-05-15,2026-02-28,39.76746,"DENVER CENTRAL PARK, CO US",1,METERS,-104.86948,2022-11-15,2022,"Snow < 5""",1
GHCND:USW00023062,2022-11-16,,,0.0,0.0,0.0,37.0,19.0,25.0,1610.6,1940-05-15,2026-02-28,39.76746,"DENVER CENTRAL PARK, CO US",1,METERS,-104.86948,2022-11-16,2022,No Snow,0
GHCND:USW00023062,2022-11-17,,,0.0,0.0,0.0,42.0,23.0,23.0,1610.6,1940-05-15,2026-02-28,39.76746,"DENVER CENTRAL PARK, CO US",1,METERS,-104.86948,2022-11-17,2022,No Snow,0
GHCND:USW00023062,2022-11-18,,,0.16,3.7,3.0,24.0,11.0,11.0,1610.6,1940-05-15,2026-02-28,39.76746,"DENVER CENTRAL PARK, CO US",1,METERS,-104.86948,2022-11-18,2022,"Snow < 5""",4
GHCND:USW00023062,2022-11-19,,,0.0,0.0,2.0,26.0,8.0,15.0,1610.6,1940-05-15,2026-02-28,39.76746,"DENVER CENTRAL PARK, CO US",1,METERS,-104.86948,2022-11-19,2022,No Snow,0
GHCND:USW00023062,2022-11-20,,,0.0,0.0,1.0,41.0,15.0,17.0,1610.6,1940-05-15,2026-02-28,39.76746,"DENVER CENTRAL PARK, CO US",1,METERS,-104.86948,2022-11-20,2022,No Snow,0
GHCND:USW00023062,2022-11-21,,,0.0,0.0,1.0,49.0,16.0,16.0,1610.6,1940-05-15,2026-02-28,39.76746,"DENVER CENTRAL PARK, CO US",1,METERS,-104.86948,2022-11-21,2022,No Snow,0
GHCND:USW00023062,2022-11-22,,,0.0,0.0,0.0,55.0,16.0,24.0,1610.6,1940-05-15,2026-02-28,39.76746,"DENVER CENTRAL PARK, CO US",1,METERS,-104.86948,2022-11-22,2022,No Snow,0
GHCND:USW00023062,2022-11-23,,,0.0,0.0,0.0,53.0,23.0,31.0,1610.6,1940-05-15,2026-02-28,39.76746,"DENVER CENTRAL PARK, CO US",1,METERS,-104.86948,2022-11-23,2022,No Snow,0
GHCND:USW00023062,2022-11-24,,,0.0,0.0,0.0,52.0,30.0,30.0,1610.6,1940-05-15,2026-02-28,39.76746,"DENVER CENTRAL PARK, CO US",1,METERS,-104.86948,2022-11-24,2022,No Snow,0
GHCND:USW00023062,2022-11-25,,,0.0,0.0,0.0,42.0,23.0,28.0,1610.6,1940-05-15,2026-02-28,39.76746,"DENVER CENTRAL PARK, CO US",1,METERS,-104.86948,2022-11-25,2022,No Snow,0
GHCND:USW00023062,2022-11-26,,,0.0,0.0,0.0,60.0,26.0,26.0,1610.6,1940-05-15,2026-02-28,39.76746,"DENVER CENTRAL PARK, CO US",1,METERS,-104.86948,2022-11-26,2022,No Snow,0
GHCND:USW00023062,2022-11-27,,,0.0,0.0,0.0,57.0,25.0,30.0,1610.6,1940-05-15,2026-02-28,39.76746,"DENVER CENTRAL PARK, CO US",1,METERS,-104.86948,2022-11-27,2022,No Snow,0
GHCND:USW00023062,2022-11-28,,,0.0,0.0,0.0,52.0,27.0,29.0,1610.6,1940-05-15,2026-02-28,39.76746,"DENVER CENTRAL PARK, CO US",1,METERS,-104.86948,2022-11-28,2022,No Snow,0
GHCND:USW00023062,2022-11-29,,,0.05,2.0,2.0,56.0,17.0,17.0,1610.6,1940-05-15,2026-02-28,39.76746,"DENVER CENTRAL PARK, CO US",1,METERS,-104.86948,2022-11-29,2022,"Snow < 5""",2
GHCND:USW00023062,2022-11-30,,,0.01,0.0,2.0,26.0,9.0,9.0,1610.6,1940-05-15,2026-02-28,39.76746,"DENVER CENTRAL PARK, CO US",1,METERS,-104.86948,2022-11-30,2022,No Snow,0
GHCND:USW00023062,2022-12-01,,,0.0,0.0,0.0,28.0,9.0,20.0,1610.6,1940-05-15,2026-02-28,39.76746,"DENVER CENTRAL PARK, CO US",1,METERS,-104.86948,2022-12-01,2022,No Snow,0
GHCND:USW00023062,2022-12-02,,,0.0,0.0,0.0,64.0,20.0,51.0,1610.6,1940-05-15,2026-02-28,39.76746,"DENVER CENTRAL PARK, CO US",1,METERS,-104.86948,2022-12-02,2022,No Snow,0
GHCND:USW00023062,2022-12-03,,,0.0,0.0,0.0,58.0,15.0,16.0,1610.6,1940-05-15,2026-02-28,39.76746,"DENVER CENTRAL PARK, CO US",1,METERS,-104.86948,2022-12-03,2022,No Snow,0
GHCND:USW00023062,2022-12-04,,,0.0,0.0,0.0,52.0,16.0,25.0,1610.6,1940-05-15,2026-02-28,39.76746,"DENVER CENTRAL PARK, CO US",1,METERS,-104.86948,2022-12-04,2022,No Snow,0
GHCND:USW00023062,2022-12-05,,,0.01,0.0,0.0,58.0,24.0,33.0,1610.6,1940-05-15,2026-02-28,39.76746,"DENVER CENTRAL PARK, CO US",1,METERS,-104.86948,2022-12-05,2022,No Snow,0
GHCND:USW00023062,2022-12-06,,,0.0,0.0,0.0,57.0,24.0,26.0,1610.6,1940-05-15,2026-02-28,39.76746,"DENVER CENTRAL PARK, CO US",1,METERS,-104.86948,2022-12-06,2022,No Snow,0
GHCND:USW00023062,2022-12-07,,,0.01,0.0,0.0,55.0,19.0,22.0,1610.6,1940-05-15,2026-02-28,39.76746,"DENVER CENTRAL PARK, CO US",1,METERS,-104.86948,2022-12-07,2022,No Snow,0
GHCND:USW00023062,2022-12-08,,,0.0,0.0,0.0,55.0,21.0,25.0,1610.6,1940-05-15,2026-02-28,39.76746,"DENVER CENTRAL PARK, CO US",1,METERS,-104.86948,2022-12-08,2022,No Snow,0
GHCND:USW00023062,2022-12-09,,,0.0,0.0,0.0,45.0,15.0,16.0,1610.6,1940-05-15,2026-02-28,39.76746,"DENVER CENTRAL PARK, CO US",1,METERS,-104.86948,2022-12-09,2022,No Snow,0
GHCND:USW00023062,2022-12-10,,,0.0,0.0,0.0,48.0,16.0,18.0,1610.6,1940-05-15,2026-02-28,39.76746,"DENVER CENTRAL PARK, CO US",1,METERS,-104.86948,2022-12-10,2022,No Snow,0
GHCND:USW00023062,2022-12-11,,,0.0,0.0,0.0,63.0,18.0,28.0,1610.6,1940-05-15,2026-02-28,39.76746,"DENVER CENTRAL PARK, CO US",1,METERS,-104.86948,2022-12-11,2022,No Snow,0
GHCND:USW00023062,2022-12-12,,,0.0,0.0,0.0,63.0,28.0,46.0,1610.6,1940-05-15,2026-02-28,39.76746,"DENVER CENTRAL PARK, CO US",1,METERS,-104.86948,2022-12-12,2022,No Snow,0
GHCND:USW00023062,2022-12-13,,,0.01,0.0,0.0,56.0,22.0,22.0,1610.6,1940-05-15,2026-02-28,39.76746,"DENVER CENTRAL PARK, CO US",1,METERS,-104.86948,2022-12-13,2022,No Snow,0
GHCND:USW00023062,2022-12-14,,,0.01,0.0,0.0,26.0,18.0,18.0,1610.6,1940-05-15,2026-02-28,39.76746,"DENVER CENTRAL PARK, CO US",1,METERS,-104.86948,2022-12-14,2022,No Snow,0
GHCND:USW00023062,2022-12-15,,,0.0,0.0,0.0,38.0,14.0,18.0,1610.6,1940-05-15,2026-02-28,39.76746,"DENVER CENTRAL PARK, CO US",1,METERS,-104.86948,2022-12-15,2022,No Snow,0
GHCND:USW00023062,2022-12-16,,,0.0,0.0,0.0,31.0,10.0,13.0,1610.6,1940-05-15,2026-02-28,39.76746,"DENVER CENTRAL PARK, CO US",1,METERS,-104.86948,2022-12-16,2022,No Snow,0
GHCND:USW00023062,2022-12-17,,,0.0,0.0,0.0,34.0,11.0,11.0,1610.6,1940-05-15,2026-02-28,39.76746,"DENVER CENTRAL PARK, CO US",1,METERS,-104.86948,2022-12-17,2022,No Snow,0
GHCND:USW00023062,2022-12-18,,,0.0,0.0,0.0,36.0,10.0,19.0,1610.6,1940-05-15,2026-02-28,39.76746,"DENVER CENTRAL PARK, CO US",1,METERS,-104.86948,2022-12-18,2022,No Snow,0
GHCND:USW00023062,2022-12-19,,,0.0,0.0,0.0,41.0,12.0,18.0,1610.6,1940-05-15,2026-02-28,39.76746,"DENVER CENTRAL PARK, CO US",1,METERS,-104.86948,2022-12-19,2022,No Snow,0
GHCND:USW00023062,2022-12-20,,,0.0,0.0,0.0,50.0,18.0,23.0,1610.6,1940-05-15,2026-02-28,39.76746,"DENVER CENTRAL PARK, CO US",1,METERS,-104.86948,2022-12-20,2022,No Snow,0
GHCND:USW00023062,2022-12-21,,,0.0,0.0,0.0,50.0,20.0,28.0,1610.6,1940-05-15,2026-02-28,39.76746,"DENVER CENTRAL PARK, CO US",1,METERS,-104.86948,2022-12-21,2022,No Snow,0
GHCND:USW00023062,2022-12-22,,,0.25,4.8,5.0,51.0,-14.0,-14.0,1610.6,1940-05-15,2026-02-28,39.76746,"DENVER CENTRAL PARK, CO US",1,METERS,-104.86948,2022-12-22,2022,"Snow < 5""",5
GHCND:USW00023062,2022-12-23,,,0.0,0.0,4.0,-1.0,-15.0,-11.0,1610.6,1940-05-15,2026-02-28,39.76746,"DENVER CENTRAL PARK, CO US",1,METERS,-104.86948,2022-12-23,2022,No Snow,0
GHCND:USW00023062,2022-12-24,,,0.0,0.0,4.0,12.0,-11.0,11.0,1610.6,1940-05-15,2026-02-28,39.76746,"DENVER CENTRAL PARK, CO US",1,METERS,-104.86948,2022-12-24,2022,No Snow,0
GHCND:USW00023062,2022-12-25,,,0.0,0.0,2.0,48.0,11.0,32.0,1610.6,1940-05-15,2026-02-28,39.76746,"DENVER CENTRAL PARK, CO US",1,METERS,-104.86948,2022-12-25,2022,No Snow,0
GHCND:USW00023062,2022-12-26,,,0.0,0.0,1.0,52.0,31.0,31.0,1610.6,1940-05-15,2026-02-28,39.76746,"DENVER CENTRAL PARK, CO US",1,METERS,-104.86948,2022-12-26,2022,No Snow,0
GHCND:USW00023062,2022-12-27,,,0.0,0.0,0.0,52.0,29.0,42.0,1610.6,1940-05-15,2026-02-28,39.76746,"DENVER CENTRAL PARK, CO US",1,METERS,-104.86948,2022-12-27,2022,No Snow,0
GHCND:USW00023062,2022-12-28,,,0.0,0.0,0.0,64.0,39.0,39.0,1610.6,1940-05-15,2026-02-28,39.76746,"DENVER CENTRAL PARK, CO US",1,METERS,-104.86948,2022-12-28,2022,No Snow,0
GHCND:USW00023062,2022-12-29,,,0.83,6.8,7.0,54.0,26.0,26.0,1610.6,1940-05-15,2026-02-28,39.76746,"DENVER CENTRAL PARK, CO US",1,METERS,-104.86948,2022-12-29,2022,"Snow > 5""",7
GHCND:USW00023062,2022-12-30,,,0.0,0.0,5.0,43.0,18.0,20.0,1610.6,1940-05-15,2026-02-28,39.76746,"DENVER CENTRAL PARK, CO US",1,METERS,-104.86948,2022-12-30,2022,No Snow,0
GHCND:USW00023062,2022-12-31,,,0.0,0.0,4.0,42.0,20.0,24.0,1610.6,1940-05-15,2026-02-28,39.76746,"DENVER CENTRAL PARK, CO US",1,METERS,-104.86948,2022-12-31,2022,No Snow,0
